19,1,1,1,13,0,0,0,0,0,0,0,0,0,0,0,0,0,0,0,0,1,1,1,200,0,1,9,14,0,9,15,0,0,4,2,4,6,5,2,2,1,1.125,2.6,2.8,0,0,24,19,16,32,0,0,1,1,1,3,1,1.5,1.6667,1.6667,3.75,3.3333,3.25,1,2.2,2.7143,56,26,20,26,6,5,13,18,9,7,5,8,13,5,4,7,5,8,8,20,20,0,0,5,5,5,5,5,10,10,11,10,15,10,0,0,9,4,5,4,6,0.38609
19,1,2,1,13,0,0,0,0,0,0,0,0,0,0,0,0,0,0,0,0,0,0,0,173,0,1,0,1,0,1,0,0,0,0,0,0,1,0,0,3,1.6,1.125,2.4,1.2,0,0,19,15,12,9,0,0,0,0,0,0,0,2.125,1.3333,2,2.5,3.3333,3,3,3.2,4.1429,26,10,7,6,6,4,4,30,5,7,12,8,7,5,5,4,9,10,11,34,18,0,4,6,5,5,8,5,14,12,11,11,16,7,0,0,1,0,1,0,0,-0.78832
18,2,2,3,13,1,0,0,0,0,1,0,0,0,0,0,0,0,0,0,0,0,0,0,120,0,1,17,3,0,1,7,0,0,0,0,0,0,0,3,3.4,2,1,3.4,1,1,2,13,15,12,18,0,0,0,5,3,0,0,1.625,3,1.6667,2.25,2.6667,3.5,1,1.7,2,37,15,13,14,6,9,3,34,7,9,6,8,6,21,4,7,3,9,8,29,5,0,0,5,9,5,12,5,13,11,11,8,15,7,1,0,3,2,2,1,0,-0.29898
17,1,2,2,11,0,0,0,0,0,0,0,0,0,0,0,0,0,0,0,0,0,0,0,125,0,1,0,1,1,0,0,0,0,0,4,1,0,6,0,1,1,1,1,1,0,0,17,5,12,15,0,0,1,2,2,0,1,2,1.3333,2,2.25,3,2.75,1.3333,1,1,28,10,6,6,6,3,3,8,5,5,5,8,6,5,4,4,3,5,7,30,20,0,16,5,6,5,15,8,13,11,11,7,13,2,2,0,2,6,1,4,9,-1.6724
18,2,2,1,12,0,0,0,0,0,0,0,1,0,0,0,0,0,0,0,0,0,0,0,138,0,1,14,4,2,0,2,0,0,2,0,0,2,0,0,1.8,1,1,1,1,0,0,10,16,21,20,0,0,2,0,0,0,0,2,1.3333,1,3.5,3.6667,3.5,1.6667,1.4,1.5714,37,17,7,8,6,10,4,28,7,7,11,11,11,5,4,5,3,5,8,35,20,2.175,11,7,5,5,6,7,9,13,12,12,13,6,0,0,7,5,1,4,5,0.67969
17,1,2,1,11,0,0,0,0,0,0,0,0,0,0,0,0,0,0,0,0,0,1,0,140,0,1,5,3,0,1,6,0,1,19,4,1,9,11,5,1.6,1.2,1,1.2,1.2,1,0,20,13,14,28,3.3,3.25,0,5,5,0,3,1,2,1.3333,1,2,1,1,1.1,1.1429,45,20,15,16,6,5,8,17,10,9,6,8,11,9,4,7,7,10,10,32,27,0.15,2,7,5,5,12,7,11,12,13,8,14,12,6,2,7,6,4,2,10,0.7701
18,1,2,1,12,0,0,0,0,1,0,0,0,0,0,0,0,0,0,0,0,0,0,0,135,0,1,8,3,3,2,4,0,0,3,5,2,3,4,0,1,1,1,1.8,1,0,0,15,21,14,12,4.6,5.375,0,3,0,2,0,2.625,2,2,2.5,2.6667,3,3,1.8,2.1429,42,15,19,11,6,9,7,25,6,18,8,10,17,5,7,7,6,7,10,20,15,0.3,11,7,5,5,11,7,12,12,12,7,11,12,2,3,7,3,4,4,12,-0.10324
19,2,2,1,13,1,0,0,0,1,0,0,0,0,0,0,0,0,0,1,0,1,0,0,160,0,1,13,8,2,2,13,0,0,14,2,4,19,18,5,3.2,1,1,1.4,1.2,0,0,10,14,10,24,5.6,5.75,1,6,0,4,0,1.5,3,1,3,3,2.5,2,1.8,2.1429,39,19,12,12,7,3,7,24,7,7,8,13,7,5,4,11,8,6,7,31,11,4.225,27,21,8,10,13,6,8,10,11,11,13,8,0,3,10,7,2,2,8,2.2456
18,2,2,1,12,0,0,0,0,1,0,0,0,0,1,0,0,0,0,0,0,1,1,0,121,0,1,11,3,1,3,17,0,0,9,5,1,6,6,3,2.8,1.2,1.125,1.6,1.6,0,0,16,13,14,21,3.7,5,2,10,3,0,1,2.75,3.3333,2,2.25,1.6667,2.25,2.3333,2,2.2857,50,22,18,23,6,6,5,22,7,6,7,11,13,5,8,7,6,7,7,29,20,0.35625,13,15,7,5,14,9,12,12,11,9,14,8,1,0,3,4,3,0,3,-0.78832
18,2,2,6,13,1,0,0,0,0,0,0,0,0,1,0,0,0,0,1,0,0,0,0,260,0,2,21,12,6,20,32,0,9,17,8,8,20,12,4,2,3.6,3.375,3.8,1,1,3,13,17,12,9,4.4,5.125,1,6,4,2,3,2.375,2.6667,1.6667,1.75,2.6667,1.5,1,2.7,2.8571,77,43,23,12,15,4,6,13,6,6,5,8,6,5,10,11,7,5,12,26,14,1,0,7,6,5,9,6,8,12,10,7,7,0,0,0,3,5,1,6,7,-0.20111
17,2,2,2,11,1,0,0,1,1,1,0,0,1,1,1,0,0,0,0,1,1,1,1,235,0,1,5,4,2,2,21,0,2,21,10,4,15,9,10,1.2,1,1,1,1.4,1,8,20,15,12,30,4.3,3.25,9,9,4,4,3,3.875,4,1,1,1,2.5,1,3.4,3.7143,49,29,6,18,10,3,14,18,7,8,5,9,20,5,7,12,7,5,7,30,21,3.5875,38,25,19,5,25,16,9,11,13,7,8,7,1,0,10,7,2,2,13,1.3307
19,2,2,2,13,1,0,1,0,0,0,0,0,0,1,1,0,0,0,1,0,0,1,0,111,0,1,15,8,3,12,10,0,1,11,7,6,12,6,2,3.8,2.2,1.25,3,1.2,0,0,23,18,15,20,4.2,3.75,1,8,3,3,1,2.75,2,2,2.25,2.6667,2.25,3,2.1,2.4286,54,23,16,17,6,11,5,18,6,6,7,9,11,5,8,10,5,5,10,27,20,0.79375,1,12,13,11,8,9,14,14,11,10,14,8,2,3,7,6,4,3,4,-0.59258
19,2,2,1,13,0,0,0,0,0,0,0,0,0,0,0,0,0,0,0,0,0,0,0,105,0,1,13,4,5,12,25,0,0,11,0,0,0,0,0,3.6,3.8,2.5,4.2,1.6,0,0,14,9,13,22,4.7,4.875,0,2,2,1,0,2.25,2.3333,1,2,2.6667,2.75,1.6667,1.8,2.1429,60,31,17,18,9,5,6,17,9,15,9,20,16,5,7,10,7,6,8,28,22,1.0437,0,7,5,5,11,7,7,10,12,6,7,0,0,0,8,9,5,9,10,0.19036
19,2,2,6,13,0,0,0,0,0,0,0,0,1,0,0,0,0,0,0,0,1,0,0,135,0,1,5,2,0,1,5,0,0,0,1,1,1,4,1,2.6,1,1,2.6,1,1,2,13,14,10,12,5,4.5,0,1,0,0,0,1.75,2,1,4,4,4,2.6667,2.9,3.7143,38,17,9,10,8,9,3,20,5,11,9,8,10,7,6,6,3,13,10,31,10,0.7625,4,9,5,5,5,5,14,13,13,8,15,6,1,0,8,1,2,0,0,0.28822
18,1,2,1,12,1,1,0,0,1,1,1,0,0,0,0,0,0,1,0,0,0,1,1,195,0,1,1,0,0,0,2,0,0,0,8,8,5,0,9,3.8,1.6,1,3,1.2,1,2,9,16,9,14,5.8,5.625,6,8,7,5,3,2.625,2,1.3333,2.5,3.6667,3.25,2,2.3,2.7143,20,10,8,6,6,3,4,40,5,6,9,8,8,5,6,11,4,5,8,30,4,2.4813,0,17,5,5,10,15,12,9,12,6,14,0,0,0,5,1,2,4,5,-1.5713
19,2,2,6,13,1,1,0,1,1,1,0,0,1,0,0,0,0,0,0,0,0,1,1,170,0,1,13,5,2,11,16,0,2,15,6,6,20,12,9,3.2,1.4,1,3.6,1,0,0,13,16,18,21,5.3,4.625,4,9,5,4,3,3.25,3,3.3333,2,3,2.75,2,1.6,1.8571,44,23,13,9,9,5,5,19,7,7,7,10,6,5,4,16,6,7,7,16,7,1.8125,0,24,13,5,12,18,12,8,12,14,16,0,0,0,12,4,1,4,3,0.48396
19,2,2,1,13,1,1,0,1,0,1,0,0,0,0,0,0,0,0,1,1,0,0,0,145,0,1,39,12,8,13,31,0,17,28,4,3,10,13,7,3.4,1.6,1.125,3.6,1.6,1,4,13,9,13,23,4.3,4.875,7,9,1,3,1,3.25,3,1,1.75,1.6667,1.5,1.6667,1.7,2,75,39,17,23,13,12,6,15,6,17,7,18,24,7,8,11,7,5,9,19,10,1.3813,10,21,11,11,19,12,11,12,11,9,9,7,0,4,12,6,1,6,8,0.28822
19,2,2,1,14,1,0,1,0,0,0,0,0,0,0,0,0,0,0,0,0,0,0,0,130,0,1,6,5,0,3,5,0,3,2,3,6,7,1,4,1.4,1,1,1,1,1,8,30,17,17,26,4,4.375,4,4,1,0,0,2.75,4,2,1.5,1,1.75,2,3.1,4,27,12,8,9,6,3,5,25,7,11,8,8,9,5,7,6,6,5,10,34,17,0.99375,0,16,5,19,15,9,11,11,12,9,13,0,0,0,7,5,6,1,6,0.87543
18,1,2,1,12,0,0,0,0,0,0,0,0,1,0,0,1,0,0,0,0,1,0,0,180,0,1,6,1,0,0,6,0,0,13,0,0,1,4,1,3.4,1.6,1.125,3.2,1.2,1,2,21,15,21,22,5,4.375,5,5,1,2,0,2.375,3,1,3,2.3333,2,2,2.6,3.2857,44,18,17,12,6,4,12,13,7,6,8,8,7,7,4,7,5,7,7,24,14,1.5813,31,7,5,5,9,8,10,13,11,7,12,9,1,0,6,2,5,5,6,-0.78832
19,1,2,3,12,1,0,0,1,0,0,0,0,1,1,0,0,0,0,0,0,1,0,0,199.8,0,2,18,4,3,7,12,0,0,3,2,1,6,5,0,1.2,2.8,3.125,1.8,1,0,0,17,16,16,16,5.3,5,1,3,0,0,0,2.25,2.3333,2,3,2.3333,2.5,1.6667,1.8,2.1429,49,22,18,14,6,6,5,20,6,8,6,11,12,5,4,8,3,5,7,18,13,1.2937,9,9,9,5,14,7,8,12,9,5,8,10,0,1,11,3,2,13,9,-0.20111
19,2,2,1,13,1,1,0,0,1,1,0,0,1,0,1,0,0,0,1,1,0,1,1,168,0,1,11,6,4,2,13,0,1,12,10,3,13,6,6,1,1,1,1,1,0,0,19,18,22,27,4.7,2.25,3,7,4,1,2,2.5,4,1.6667,1.5,2,2.25,2.3333,1.3,1.7143,36,19,11,6,8,3,7,18,8,9,14,10,9,5,9,7,5,7,11,32,23,0.6,3,23,5,7,13,12,9,11,12,15,11,8,2,0,3,4,8,3,9,0.58183
18,2,2,1,12,1,0,1,0,0,1,0,0,0,1,0,0,0,0,1,0,1,1,1,190,0,1,16,8,7,4,13,1,5,18,5,1,8,4,10,1.8,1.8,1,1.2,2.6,0,0,12,16,13,23,5.2,4.625,7,6,7,1,2,2.75,2.6667,1.3333,2.5,2.6667,2.25,3,4.3,4.7143,54,25,17,17,6,6,4,20,5,10,6,15,20,6,5,7,9,13,12,32,17,2.5688,0,16,5,13,15,9,9,14,14,14,14,0,0,0,9,7,1,1,5,1.8541
17,2,2,3,12,1,0,0,0,0,1,0,0,1,0,1,0,0,0,0,0,0,0,0,125,0,1,11,6,1,2,12,0,0,14,1,2,3,0,4,2.6,1,1,1.6,1,1,3,19,11,9,16,3,4.375,4,3,1,0,0,2.375,3.3333,1.3333,1.75,1.6667,2,1,1.2,1.2857,47,26,19,12,6,3,4,15,6,9,6,11,11,5,4,11,5,5,14,34,13,0.55625,7,6,5,5,13,5,14,11,12,13,15,3,1,0,3,3,0,4,4,-0.99172
18,2,2,2,13,1,0,0,1,0,0,0,0,0,0,1,0,0,0,0,0,0,1,0,126,0,1,9,4,0,8,7,0,6,14,2,4,14,14,3,3,2,2,2,2.2,1,5,16,12,12,25,3.5,3.125,1,6,6,3,2,2.875,2.3333,2,2.5,3.3333,2.5,3.3333,1,1,57,22,18,22,8,12,10,20,10,19,7,10,10,5,7,17,9,9,7,41,24,0.45625,13,10,8,7,10,9,9,13,14,8,13,12,0,2,12,4,1,8,9,-1.1798
18,1,1,6,12,1,1,0,0,1,1,0,0,0,0,0,0,0,0,0,0,0,0,0,155,0,1,8,3,0,2,5,0,0,1,2,2,2,3,7,3.8,1.4,1,2.6,3,0,0,14,10,16,20,4.7,3.375,3,7,6,0,2,2,2,1.6667,2.25,3,2.5,2,0.8,1,28,13,14,8,6,3,5,29,5,12,9,10,16,5,6,10,10,7,8,22,21,0.5375,3,7,8,5,11,9,15,13,12,8,12,7,0,0,4,2,1,2,2,-0.88618
18,2,2,1,12,1,0,0,1,1,0,0,0,0,0,1,0,0,0,0,0,0,0,0,120,0,1,11,10,3,4,14,0,0,13,3,0,8,6,3,3.2,2.4,1.625,4.2,1.2,0,0,26,19,21,18,3.7,4.375,2,6,1,1,1,2,3.6667,1,1.75,1.6667,1.5,2,1.6,1.8571,55,30,16,12,6,5,7,19,8,12,8,9,19,7,7,5,6,5,8,21,12,0.66875,14,20,7,5,17,7,9,12,8,9,9,12,0,1,10,3,5,9,7,0.48396
18,2,2,6,13,1,0,0,1,0,1,0,0,0,0,0,0,0,0,0,0,0,0,0,132,0,1,13,4,3,2,6,0,0,1,6,3,6,2,1,3,1.8,1.5,3,1.2,1,2,9,8,8,20,5.5,5.875,6,6,1,2,1,3,3.3333,1,2,1,2.25,1.3333,3,3.2857,36,13,15,11,6,7,9,31,7,10,9,11,14,5,7,9,6,5,8,32,11,1.45,0,14,5,5,17,6,15,13,12,11,15,1,0,0,6,4,3,3,3,-0.98405
16,2,2,1,11,1,1,0,1,1,0,0,0,0,0,0,0,0,0,0,0,0,0,1,155,0,1,29,11,11,11,33,0,8,37,15,6,17,14,6,2.6,1,1,1.8,1,0,0,18,20,28,31,2.1,3.5,8,12,7,3,3,2,3.6667,1,2,1.3333,1.75,1.6667,2.5,3.1429,59,28,12,18,8,12,8,14,15,15,9,18,20,9,11,10,7,12,27,21,17,5.6187,0,18,7,5,17,14,10,11,10,15,14,7,0,0,7,9,6,0,7,0.24956
19,2,2,1,12,0,0,0,0,0,0,0,0,1,1,0,0,0,0,0,0,0,0,0,210,0,2,5,1,1,2,2,0,0,0,0,0,0,2,0,2.6,1,1,1,1,0,0,22,8,9,14,5.6,5.75,1,2,0,0,0,1.625,2,1,2.5,4,3.25,1.6667,1.9,2.2857,33,12,14,11,6,6,3,35,5,6,5,9,6,10,4,5,6,8,7,32,6,2.2938,1,6,5,5,6,5,16,12,11,7,16,6,1,0,3,0,0,1,0,-1.2777
19,2,2,1,12,1,0,0,0,0,1,0,0,0,0,0,0,0,0,0,0,0,1,0,145,0,1,2,2,0,0,0,0,0,7,4,4,3,0,3,4.2,1,1,2.2,2,0,0,12,13,13,22,4.3,2.75,2,7,4,1,2,1.75,3,1,2.25,2.3333,1.75,1.3333,2.2,2.1429,27,12,6,7,6,4,4,29,5,11,14,8,9,5,7,6,6,11,8,29,22,0.95,4,13,9,5,15,7,10,13,12,15,13,6,1,0,5,8,2,2,6,-0.20111
18,2,1,2,12,1,0,0,0,0,1,0,0,0,0,0,0,0,0,1,0,1,0,0,0,0,2,37,12,15,9,11,1,0,19,2,3,9,5,0,2.2,2.2,1.25,1.6,1,0,0,31,20,20,24,4.2,4.5,2,6,4,0,0,2.125,2.3333,1.3333,2,2,2.5,1,2.3,2.2857,40,18,11,10,6,5,4,25,8,8,7,15,19,13,5,13,7,13,10,21,22,1.325,11,13,6,5,10,5,13,12,12,11,14,10,0,0,7,8,3,2,12,1.169
18,2,2,1,13,1,0,0,1,1,1,0,0,0,0,0,0,0,0,1,1,0,0,1,135,0,1,15,5,2,9,9,0,0,18,5,4,13,7,8,3,1.2,1.25,3.2,1.8,1,5,17,11,11,15,4.7,4.25,6,7,2,3,3,2.5,3.6667,1.6667,1.5,2.3333,2.25,2,1.7,2,43,20,13,13,8,6,7,23,5,7,10,9,8,5,7,11,9,8,10,34,16,1.425,13,18,15,6,18,11,12,9,12,10,15,14,3,1,7,5,4,3,1,-1.4734
18,2,2,1,12,1,1,0,1,0,0,0,0,0,0,0,0,0,0,0,0,1,1,1,125,0,1,42,8,7,5,34,0,12,30,10,4,20,12,11,2.8,1.2,1,1,1.6,0,0,11,10,12,25,4,4.75,5,10,7,3,3,3.25,4,1.6667,1.5,2,2.25,3.6667,2.2,2.5714,66,35,20,7,13,10,3,12,8,13,9,17,26,6,8,9,8,9,7,21,16,2.5625,0,17,12,5,17,19,4,11,11,7,12,0,0,0,13,8,3,6,8,0.77756
19,2,2,1,13,1,1,0,0,0,0,0,0,0,0,0,0,0,0,1,0,1,0,0,130,0,1,30,11,7,12,18,1,0,9,8,2,9,3,4,3,1.8,1.125,1.2,1.2,0,0,13,20,26,27,4.5,5.125,8,4,3,2,0,3.25,3,1.3333,2.25,2.6667,2.25,3,2.2,2.7143,53,28,9,8,7,10,9,22,7,6,9,10,13,7,8,5,11,9,8,30,16,3.125,10,9,5,6,14,7,14,11,11,10,11,4,0,5,12,5,5,3,2,0.87543
18,2,2,1,12,1,0,0,1,1,0,0,0,0,0,0,0,0,0,0,0,0,0,0,125,0,2,5,2,1,4,18,0,6,20,7,1,9,9,5,1.6,1,1,1.2,1,0,0,28,21,22,20,3.7,4,1,5,0,0,3,2.375,3.3333,2,1.75,2,1.75,1,2,2.4286,42,21,10,6,7,6,3,17,8,10,9,9,9,5,10,7,4,6,7,18,16,0.6125,13,20,5,5,17,8,10,12,12,12,11,7,2,2,7,9,10,4,10,-0.0053773
19,2,2,1,12,1,0,0,1,1,1,0,0,0,0,1,0,0,0,1,0,0,0,0,0,0,1,15,8,3,4,16,0,1,34,5,3,15,6,6,3,1,1,1.6,1.4,0,0,21,19,14,21,3.1,4,0,4,5,0,0,2.125,2.3333,1.3333,2.25,3.3333,2.5,3.3333,2.3,2.8571,41,20,11,14,7,6,4,21,8,12,11,11,16,6,6,7,5,13,7,24,23,1.5938,25,10,8,6,11,10,13,11,13,12,14,11,0,2,4,3,0,0,1,0.19036
18,2,2,1,12,1,0,0,1,0,0,0,0,1,0,0,0,0,0,0,1,1,0,1,180,0,1,6,9,2,3,13,0,0,13,4,5,5,7,5,3,1.4,1,4.6,1.8,1,4,15,16,13,23,4.6,5.125,0,5,7,1,1,2.25,3.3333,2,3,3,2.75,2.3333,2.8,3.5714,48,25,15,9,7,10,5,25,11,7,8,9,9,5,12,14,14,18,9,31,12,1.2125,0,11,8,5,7,5,12,13,11,15,16,0,0,0,11,3,2,1,6,-0.20111
16,2,1,1,10,0,0,0,0,0,0,0,0,0,0,0,0,0,0,0,0,0,0,0,215,0,1,9,4,4,6,13,0,10,32,0,0,1,0,3,2.4,1.8,1,2.4,1.6,1,2,18,11,12,23,4.7,5.125,3,8,1,0,0,2.375,3.3333,1.6667,2,2.3333,1.5,1.6667,2.2,2.7143,33,13,9,7,6,8,9,19,5,6,6,9,11,5,4,9,5,5,7,39,16,5.1875,0,11,5,5,14,6,11,10,13,8,14,4,1,0,2,2,2,1,5,-1.0718
18,2,2,2,12,1,0,0,0,0,0,0,0,0,0,0,0,0,0,1,0,0,0,0,137,0,1,3,7,1,2,7,0,0,0,0,0,0,0,3,1.2,1,1,3.6,1,0,0,19,12,10,22,5.4,4.25,2,5,1,0,1,2.25,1.6667,1.6667,3,4,4,1.6667,2.7,2.8571,38,12,14,18,6,6,4,29,7,5,5,8,11,5,4,9,3,5,14,40,15,1.825,1,5,7,5,6,5,16,12,12,7,16,8,0,0,7,1,1,1,1,-1.0819
18,1,2,1,12,0,0,0,0,0,0,0,0,0,0,0,0,0,0,0,0,0,0,0,210,0,1,1,0,0,1,3,0,0,3,0,0,3,0,0,3.8,1.4,1,1.6,1.2,0,0,10,13,9,11,4.5,5.25,1,1,0,0,0,1.5,2,1.3333,3.75,3.3333,4,1.6667,1.3,1.4286,32,14,8,7,6,3,8,23,5,5,8,8,6,5,4,4,3,7,7,20,21,2.6,9,7,5,5,9,8,13,11,11,8,14,4,0,0,1,7,3,2,1,-1.6691
18,2,2,1,12,0,0,0,0,0,0,0,0,0,0,0,1,0,0,0,0,0,0,0,170,0,1,1,4,0,4,12,0,1,5,0,2,0,3,0,2.6,2,1.625,2.4,1,0,0,21,13,12,11,5.7,6,0,3,0,0,0,1.5,2.3333,1.3333,3,3,3,1.6667,2.1,2.5714,36,17,13,10,6,6,6,23,6,11,9,9,6,5,7,12,4,6,7,30,14,2.2313,6,6,5,5,5,6,14,12,12,6,14,8,0,0,6,0,3,3,2,-0.98405
19,2,2,1,12,0,0,0,0,0,0,0,0,0,0,0,1,0,0,0,0,1,0,0,148,0,1,16,4,4,1,3,0,0,0,3,4,6,4,0,3.4,2.6,3,3.4,1.8,0,0,12,10,16,18,5.5,5.875,0,1,0,0,0,1.75,1.3333,1,3.75,4,4,1.6667,2.2,2.7143,36,18,10,11,6,3,11,33,6,21,8,12,9,5,8,9,5,12,12,21,6,0.85,6,5,6,5,5,5,8,12,11,12,10,1,0,0,9,1,2,1,5,-0.78832
19,1,2,1,13,1,0,0,0,0,0,0,0,0,0,0,0,0,0,1,0,1,0,0,150,0,2,19,9,2,17,18,0,0,9,11,0,13,5,2,4,3.4,2,4,1,0,0,21,16,21,25,4.5,4.75,3,4,1,0,0,1.5,1.6667,1.3333,2.75,1.6667,3,1.6667,1.6,1.8571,63,38,21,8,6,6,6,17,7,11,5,10,16,5,7,5,9,5,8,25,12,0.13125,24,9,7,5,12,9,9,10,10,9,10,15,0,3,10,3,2,5,5,-0.88618
19,1,1,1,12,1,1,1,1,0,0,0,0,0,0,0,0,0,0,0,0,0,1,0,175,0,1,18,12,6,7,26,0,0,14,16,6,14,4,8,3,4.6,3.75,3.2,1,0,0,12,19,27,37,3.6,4.75,7,9,7,6,3,3.5,3.6667,2,2,1,1.5,2.6667,3.3,3.7143,52,30,19,9,6,3,6,21,9,13,8,11,15,5,17,14,9,10,14,28,6,1.0187,26,21,9,24,19,14,6,12,11,4,6,3,0,0,10,1,3,9,10,0.67969
18,2,2,1,12,0,0,0,0,0,0,0,0,1,0,0,0,0,0,0,0,1,0,0,168,0,1,5,1,0,1,3,0,0,0,0,0,0,1,0,1.8,1.4,1,1.8,1,0,0,12,11,10,14,4.6,4.875,0,2,0,0,0,2.375,1.6667,1,3.5,3.6667,3.75,2.3333,2.1,2.5714,30,11,9,10,6,5,4,26,5,5,6,8,7,5,4,4,4,8,7,31,12,0.40625,0,5,5,5,5,5,15,11,12,9,14,0,0,0,4,1,0,0,0,-1.0819
18,2,2,3,12,0,0,0,0,0,0,0,0,0,0,0,0,0,0,0,1,0,0,0,114,0,1,12,5,1,2,8,1,5,6,0,0,0,0,0,1,1.6,1.125,2.6,1,0,0,20,9,10,8,4,5.25,0,2,0,0,0,2,1.6667,1.3333,3.5,2.6667,3.5,1.6667,1,1,35,16,8,11,6,9,4,25,5,5,5,9,6,5,4,6,3,5,7,20,10,0.25625,0,6,6,5,6,5,8,13,8,9,11,8,1,5,7,4,2,4,4,-1.6691
19,1,2,1,13,0,0,0,0,0,0,0,0,0,0,0,0,0,0,0,1,0,0,0,170,0,1,0,0,0,0,0,0,0,0,0,0,0,0,0,2.6,1.4,1,1.4,1,0,0,19,16,13,13,4.7,5,0,5,1,2,0,2.5,2.6667,1.3333,3,3,2.5,2,3,3.8571,30,13,12,8,6,3,7,28,5,5,7,9,7,5,4,4,3,10,9,34,12,0,0,6,7,5,10,6,13,11,11,5,9,10,4,0,6,2,1,8,5,-1.2777
18,2,2,6,12,1,0,0,0,0,0,0,0,0,1,0,0,0,0,1,0,1,1,0,135,0,1,17,7,2,7,19,0,1,28,8,2,7,8,3,3.2,3.2,2.25,3.4,1,1,3,20,18,16,25,2.8,4.5,3,8,2,3,0,3.375,2.3333,2.6667,2.25,2.3333,2.25,3,2.4,3,63,31,16,21,7,9,3,16,5,5,6,14,13,5,16,13,4,8,8,15,20,0.55,0,14,8,7,14,9,11,12,11,14,16,0,0,0,7,8,1,1,2,0.48396
19,1,2,1,13,1,0,0,0,0,0,0,0,0,0,0,0,0,0,1,0,0,1,0,145,0,1,2,1,0,1,3,0,0,0,1,1,0,1,4,3.8,1.6,1.375,3.4,1.8,1,2,12,10,9,13,5.2,5.75,2,6,6,0,0,2.75,3.6667,2,2.75,2.6667,2.5,2.3333,3.3,3.7143,32,14,13,6,6,3,7,21,5,5,6,8,8,5,5,4,5,8,7,31,16,0.45,0,8,5,5,9,6,11,13,11,8,9,9,0,0,3,2,3,6,6,0.58183
19,2,2,1,13,1,0,0,1,0,1,0,0,0,1,0,0,0,0,0,0,1,0,0,180,0,1,3,0,2,1,4,0,0,1,1,1,3,1,4,2.8,1,1,1.6,1.4,0,0,16,10,10,18,4.1,5.25,2,5,0,0,1,1.875,3.3333,1,2.75,2.6667,3,2.6667,2.6,3.2857,26,11,12,7,6,3,5,28,5,6,7,8,9,5,4,5,4,5,8,28,18,0.2625,0,10,5,5,12,5,10,11,12,4,13,0,0,0,5,6,4,4,5,-1.3755
19,1,2,1,12,0,0,0,0,0,0,0,0,0,1,0,0,0,0,0,0,0,0,0,185,0,1,7,3,0,1,9,0,1,1,0,3,9,5,0,3.2,1.2,1,3.6,1.2,0,0,18,13,11,11,4.8,5,0,3,0,0,0,2,2.6667,2.3333,3.5,3.3333,3.5,1.3333,1.4,1.8571,40,17,16,14,6,8,6,29,6,13,12,9,13,6,5,8,10,14,9,37,17,2.5938,7,6,5,5,7,5,13,12,10,4,8,7,1,0,7,2,1,8,5,-1.6691
19,2,2,1,13,0,0,0,0,0,0,0,0,0,0,0,0,0,0,0,0,0,0,0,170,0,1,6,2,0,1,2,0,0,0,2,0,0,0,1,2,1,1,1.4,1,1,2,9,16,11,8,5.3,5.125,0,2,0,0,0,1.25,2,1,4,4,4,1.3333,1.4,1.5714,25,13,8,6,6,3,4,31,5,6,13,8,7,5,4,4,5,5,7,25,8,0.5875,0,6,5,5,5,5,13,9,12,11,16,0,0,0,2,2,0,0,2,-1.6691
19,1,2,1,12,0,0,0,0,0,0,0,0,1,0,0,0,0,0,0,0,1,0,0,145,0,1,8,3,0,2,10,0,0,1,1,3,2,3,0,3.4,1.4,1.125,3.4,2,1,7,16,16,14,19,4.8,5.25,0,2,0,1,0,1.875,2,1,3,3,3,1.3333,2.2,2.7143,40,18,15,11,6,6,4,22,6,5,6,9,12,5,5,10,4,10,12,31,17,0.175,2,6,6,5,6,5,11,13,12,8,14,6,0,0,3,5,2,0,2,0.09249
17,2,2,2,10,0,0,0,0,0,0,0,0,1,0,0,0,0,0,0,0,1,0,0,170,0,1,16,5,1,0,5,0,0,2,2,3,4,3,1,3.4,1,1,1.8,1.6,0,0,9,17,18,20,4.7,4.375,0,1,0,0,0,1.125,3.3333,1,3.5,3.6667,4,1.3333,1.3,1.4286,44,21,11,11,7,5,7,21,8,9,22,10,17,5,8,9,12,18,7,33,13,2.9625,8,10,5,5,7,5,8,11,11,8,11,8,1,2,8,3,1,7,8,-0.8716
18,2,2,2,11,0,0,0,0,0,0,0,0,0,0,0,0,0,0,0,0,0,0,0,97,0,1,13,8,1,6,12,0,0,19,6,2,7,2,0,1.8,1,1,2.4,1,0,0,12,10,16,11,3.5,3.75,2,0,0,0,0,2.25,2,1.3333,3,3,3,2,3.4,3.8571,41,15,13,12,8,6,4,15,7,9,5,8,6,5,6,9,4,5,7,26,17,0.275,18,8,7,5,10,5,10,10,11,10,13,3,0,0,8,4,0,3,2,-0.78832
19,1,2,1,13,1,0,0,1,1,1,0,0,0,1,0,0,0,0,0,1,0,1,0,174,0,1,21,7,6,10,27,1,9,30,3,3,17,13,9,2.6,1.4,1.125,1.2,2.8,1,5,40,18,24,32,4,4.375,3,8,5,5,3,2.625,4,1.6667,1.5,2.3333,1.5,2.6667,2.6,3.2857,61,30,21,22,10,9,7,14,14,13,7,18,13,5,5,6,9,10,9,28,24,0.6375,1,20,8,5,16,8,9,11,10,5,9,19,5,6,6,5,2,8,10,-0.88618
18,2,2,2,13,1,0,0,1,1,0,0,0,1,0,0,0,0,0,0,0,0,1,0,127,0,1,22,8,5,11,28,0,0,7,8,3,11,10,3,1,1,1,1,1,0,0,22,22,23,28,4.7,4.25,9,5,3,0,1,3.5,2.3333,1,2.25,1,2.5,1,1.5,1.7143,60,34,21,13,9,6,10,21,19,7,11,26,22,7,12,12,15,18,11,32,15,0.41875,1,8,7,5,16,5,6,12,11,13,12,13,1,2,10,3,8,3,12,-0.29898
18,1,2,1,12,1,0,0,0,1,1,0,0,0,0,0,1,0,0,0,0,0,0,0,130,0,1,7,2,2,8,16,0,1,41,2,2,1,2,5,4.2,1.4,1.5,3.8,1.6,1,2,20,18,26,30,5.4,5.125,1,6,0,1,2,2,3,1,1.5,1,2,1,1,1,55,30,20,14,11,3,4,19,9,10,7,9,18,9,8,11,6,8,11,34,16,1.4,26,16,5,5,15,7,7,12,11,7,11,11,0,3,9,3,5,5,5,-0.59258
19,1,2,3,13,0,0,0,0,0,0,0,0,0,0,0,0,0,0,0,0,1,0,0,145,0,1,4,3,1,0,2,0,0,2,4,1,4,2,0,2,1.4,1,1.4,1,0,0,14,15,11,11,3.7,4.25,0,0,0,0,0,1.25,2.3333,1,4,3.3333,3.5,2,1.8,2.1429,25,10,6,11,6,5,7,24,5,8,6,8,6,5,4,6,5,11,7,39,16,0.6125,7,5,7,5,5,5,16,12,11,8,13,2,0,0,0,1,0,3,3,-0.59258
16,2,2,1,11,0,0,0,0,0,0,0,0,0,0,0,0,0,0,0,0,0,0,0,129,0,1,37,15,10,8,25,0,0,25,10,6,18,14,3,2.4,1.4,1.875,3.6,2.4,1,5,16,13,22,33,4.9,5.375,2,4,0,1,0,1.75,3.6667,1.3333,1.5,2.6667,2.25,1.3333,1.9,2.2857,69,35,22,14,11,12,11,22,16,17,12,19,25,10,11,10,11,16,13,22,22,2.9062,0,14,5,5,18,5,6,12,8,9,9,0,0,0,13,9,4,8,12,1.1705
17,2,2,1,12,1,0,1,1,0,0,0,0,0,0,0,0,0,0,0,0,1,1,0,125,0,1,13,6,2,9,8,0,0,19,9,5,13,4,8,1,1,1,1,1,0,0,24,18,22,27,5.5,4.75,4,9,4,3,3,2,3.3333,1,2,1.6667,2.5,1.3333,3,3.8571,44,21,15,12,7,7,4,20,9,15,8,12,14,6,9,11,11,12,9,27,18,0.4625,26,14,7,25,15,12,10,13,11,11,11,10,3,0,12,4,4,5,9,1.5309
19,2,2,3,13,1,0,0,0,0,0,0,0,0,0,0,0,0,0,1,0,0,0,0,135,0,1,7,2,1,0,1,0,0,0,19,4,11,4,1,2.6,2.2,1,2.8,1,0,0,19,19,27,15,5.2,5.625,1,0,0,0,0,1.75,2,2.3333,3,2.6667,2.5,2,1.4,1.5714,29,15,11,12,8,3,6,33,5,10,8,9,7,5,11,6,6,13,9,35,7,0,9,9,8,16,10,5,10,12,12,8,11,10,1,2,11,2,5,3,10,0.48396
16,2,2,6,10,0,0,0,0,0,0,0,0,0,1,0,0,0,0,0,0,1,0,0,140,0,1,13,3,3,6,11,0,2,24,5,1,5,5,0,2,1,1,1.4,1,0,0,12,11,14,21,4.8,5.125,1,1,0,0,0,1.875,1.3333,1,3.5,3.3333,3,1.6667,2.2,2.7143,51,29,13,13,11,9,15,22,7,13,8,16,16,5,4,13,12,21,19,26,20,2.775,5,10,5,5,8,6,6,13,11,8,10,3,0,0,11,5,0,7,8,-0.51123
16,2,2,2,10,0,0,0,0,1,0,0,0,0,0,0,0,0,0,0,1,0,1,0,150,0,1,19,0,4,0,2,0,0,1,1,2,2,1,1,1.4,1,1,1.6,1,0,0,20,20,17,17,4.8,5,0,3,5,0,0,1.5,2,1.3333,2.75,3,3.25,1,1.9,2.5714,33,15,11,20,6,3,9,28,10,6,5,13,8,5,7,5,3,5,8,36,10,1.8438,9,8,5,5,6,5,13,11,12,8,15,3,1,0,2,0,0,1,2,0.56989
16,2,2,2,11,1,0,0,0,0,0,0,0,1,0,0,0,0,0,1,0,1,0,0,125,0,1,8,7,0,11,20,0,6,19,2,6,6,3,2,1.6,1,1,1.8,1,1,2,18,21,18,27,5.4,4.25,1,1,0,0,0,2.375,2,2,2,2.6667,2.25,1.6667,1,1,46,19,14,9,9,9,5,17,10,6,5,9,9,5,5,8,4,6,8,30,16,0.49375,18,6,6,5,8,5,11,10,11,11,12,4,0,1,2,5,1,0,3,-0.51123
19,2,2,7,13,1,0,0,0,0,0,0,0,0,1,0,0,0,0,1,1,1,0,0,155,0,1,23,9,3,3,21,1,8,2,4,7,17,10,2,3.4,2.6,1.875,4.2,2.8,0,0,18,20,23,35,4.2,5.75,1,2,0,0,0,2.25,2.3333,1,2.75,2.6667,2.75,1.3333,2.5,3.1429,54,26,14,19,7,7,4,25,8,11,7,9,15,9,11,19,14,20,12,28,15,1.7625,0,10,7,5,11,5,9,12,13,10,14,13,4,4,13,6,4,2,6,1.4626
19,2,2,6,13,0,0,0,0,0,0,0,0,1,0,0,0,0,0,0,0,1,0,0,135,0,1,19,9,4,3,7,0,0,0,10,6,3,3,2,2.4,1.2,1,1.4,1,0,0,10,11,7,16,4.9,5.375,0,0,0,0,0,1.5,2.6667,1,3.75,4,3.5,2,1.6,1.8571,33,16,10,10,6,5,6,32,5,5,13,10,10,5,10,11,6,10,8,31,10,1.825,2,5,5,5,5,5,11,12,11,11,15,1,0,0,6,0,1,0,0,-0.39685
16,1,2,1,10,0,0,0,0,0,0,0,0,0,0,0,0,0,0,0,0,0,0,0,140,0,1,11,5,2,3,2,0,0,1,0,0,0,0,1,2.2,2.2,1.125,3,1,1,3,18,17,10,27,5,5.25,1,3,1,1,0,1.875,2,1,3.75,3,3.5,2,2.5,3.1429,40,17,14,11,6,5,6,26,6,7,10,9,15,5,4,8,8,10,7,34,20,0.36875,12,8,7,5,7,7,6,12,12,5,10,6,4,0,8,5,5,4,8,-0.27098
16,1,2,3,10,0,0,0,0,1,0,0,0,0,0,0,0,0,0,0,0,0,0,0,154,0,1,8,9,1,7,16,0,0,16,1,0,14,14,2,3,2.6,1.25,3.6,1.6,0,0,23,19,15,21,3.4,4.375,2,5,2,3,0,1.875,3.3333,1.3333,2.75,2.3333,1.75,2.3333,2,1.7143,43,23,14,19,6,5,10,27,11,5,13,8,18,5,4,10,3,6,8,26,14,0.40625,30,17,10,7,14,7,10,9,10,8,8,9,0,2,4,5,10,5,8,-0.43114
16,2,2,1,11,0,0,0,0,0,0,0,0,0,0,0,0,0,0,0,0,1,1,1,119,0,1,13,7,5,8,12,0,0,18,2,2,4,0,3,2.4,2.2,2.25,2.8,1.2,0,0,15,14,11,26,4.1,4.5,4,2,1,0,1,1.625,3.3333,1,2.5,3.6667,2.5,1.6667,0.6,0.71429,59,30,15,12,8,10,9,15,9,7,5,16,14,8,12,15,5,6,14,34,24,3.4562,0,6,5,5,6,5,16,12,13,15,16,0,0,0,4,4,0,0,4,1.5309
17,2,2,1,11,0,0,0,0,0,0,0,0,0,1,0,0,0,0,0,0,1,0,0,125,0,1,12,1,1,1,13,0,0,5,2,1,1,0,1,1.4,1,1,1,1.6,0,0,11,7,14,23,4.8,5.375,2,2,0,0,0,1.625,2,2,2.5,3,3,1.6667,1.9,1.5714,36,14,11,16,6,6,4,23,5,6,5,10,12,5,5,8,3,6,8,32,23,0.96875,8,8,6,5,8,5,11,14,10,12,15,8,0,0,12,6,3,1,1,-0.27098
17,2,2,1,11,1,0,0,0,0,0,0,0,0,1,0,0,0,0,1,0,1,0,0,200,0,1,10,2,1,2,9,0,0,2,6,2,5,4,5,1.4,1,1,1,1.2,1,8,15,14,12,23,4.9,5.5,0,3,1,0,0,1.75,2.6667,1,3,3,2.75,1,3.4,4.4286,34,17,13,10,6,3,13,23,6,12,7,8,13,5,8,6,7,9,15,36,10,2.1437,24,10,7,6,6,6,10,12,10,9,13,11,0,1,8,3,6,3,11,-0.99172
17,1,2,6,11,1,0,1,0,0,1,0,0,0,1,0,1,0,0,0,0,1,1,0,145,0,1,5,3,2,1,8,0,0,1,0,2,4,2,5,2.8,1.2,1,1.8,1.4,1,3,19,19,15,9,4.6,4.625,5,3,5,3,0,2.375,2.3333,1.3333,2.25,2.6667,3,2,2.7,3.4286,31,12,11,7,7,9,4,37,5,13,16,13,7,5,8,5,10,12,10,26,15,0.225,5,11,7,9,11,8,10,10,10,6,13,8,1,0,2,9,10,2,11,-0.95168
19,1,1,1,13,0,0,0,0,0,0,0,0,0,1,0,0,0,0,0,0,0,0,0,150,0,2,9,10,6,15,36,0,19,37,2,2,10,12,3,2,2,1,1.4,2.2,0,0,21,13,15,24,2.6,2.125,5,1,0,0,0,2.25,2.6667,2,2,2,2,2.6667,1.5,1.7143,58,28,18,15,13,5,3,8,9,7,5,16,16,5,12,5,7,5,7,21,23,3.4312,0,15,6,5,17,11,6,12,8,10,9,0,0,0,10,13,5,11,7,0.48396
18,2,2,1,13,1,0,0,0,0,1,0,0,1,1,0,1,0,0,0,0,0,0,1,180,0,1,8,5,1,1,9,0,0,0,0,0,3,0,3,2.8,1,1,1.8,1,0,0,13,11,8,13,5.8,6,3,9,1,1,1,2.375,3,1.6667,2.75,2.6667,3,2,1.4,1.5714,37,19,10,6,6,5,4,23,5,8,5,14,8,5,4,6,3,6,9,33,20,1.2,8,17,6,5,13,5,16,12,13,8,16,0,0,2,2,3,1,0,0,-1.2777
19,2,2,1,12,1,0,1,0,1,0,0,0,1,0,0,0,0,0,1,1,0,0,0,105,0,2,37,15,15,18,37,1,8,10,20,8,20,23,4,2.4,2,3.75,2.4,1,0,0,22,22,20,36,4.8,4.875,0,6,1,2,0,1.625,3,1,2.25,3,2.25,1.6667,2.8,3.4286,54,32,21,15,6,5,10,22,15,19,12,18,23,21,19,20,12,14,13,27,11,3.7875,0,16,5,16,11,5,8,11,11,10,13,10,2,5,10,4,5,5,6,-0.39685
17,1,2,1,11,1,0,0,0,1,0,1,0,0,1,1,0,0,0,0,1,1,0,0,300,0,1,13,10,1,1,13,0,0,3,7,4,10,11,7,3,1.4,1,1.6,1.2,1,1,27,17,14,25,4.8,4.375,3,6,4,3,2,2.375,3,1.6667,2.75,2.6667,2.5,2,4.1,4.7143,43,22,22,13,7,5,6,33,10,9,17,8,10,5,8,9,9,11,12,32,9,0.98125,25,15,7,5,11,8,13,12,12,9,9,11,4,0,9,0,6,3,6,-0.1909
18,2,2,2,12,1,0,0,1,0,0,0,0,0,0,0,0,0,0,0,0,1,0,0,105,0,1,14,6,2,5,4,0,0,0,4,1,0,0,4,2.2,1,1,1.6,1,1,3,14,11,10,12,3.8,4.875,0,2,4,1,0,1.625,2.6667,1.3333,2.5,4,3,1.6667,0.7,0.71429,40,22,7,10,6,14,4,38,5,6,17,10,6,5,7,8,9,11,12,42,20,0.53125,12,14,6,5,10,5,16,12,13,4,14,8,0,0,3,2,4,2,4,-0.88618
18,1,2,1,12,0,0,0,0,0,0,0,0,0,0,0,0,0,0,0,1,0,0,0,170,0,1,10,2,4,13,30,1,13,25,2,2,17,10,1,1.2,1,1,1,1,0,0,10,10,8,11,2.7,3.625,4,5,1,0,0,2,2.3333,1,1.75,2,2.5,1.6667,1.2,1.2857,57,22,17,15,16,10,3,15,5,14,5,11,19,6,6,9,6,5,7,30,21,0.225,1,8,5,5,14,7,10,10,13,9,11,6,0,5,7,11,1,6,9,0.48396
19,2,2,1,13,1,1,0,1,1,0,0,0,0,0,0,0,0,0,1,0,0,0,0,130,0,1,44,12,12,14,23,0,10,17,4,2,13,6,4,3.6,1.4,1,2.8,2,0,0,15,15,15,26,4.7,5.625,9,9,3,3,3,3.5,4,1.6667,2,2.3333,1.5,2.6667,3,3.2857,73,37,22,18,12,9,6,15,9,15,7,17,19,7,6,10,9,6,8,33,21,0.5375,13,22,10,14,21,14,9,13,10,4,10,12,2,6,10,9,1,8,11,-0.20111
18,2,2,3,12,0,0,0,0,0,0,0,0,0,0,0,0,0,0,0,0,0,0,0,0,0,2,11,2,2,0,2,0,0,7,0,0,0,0,0,3.6,2,1.125,2.2,2.4,0,0,17,16,23,24,4.5,4.875,0,4,1,0,0,1.625,2.6667,1,3.25,3.3333,3,1,0.5,0.57143,36,18,9,8,6,6,5,26,7,12,8,10,9,7,4,6,8,7,12,33,13,0.1625,1,5,5,5,5,5,11,11,11,9,11,3,0,0,4,3,7,3,1,-0.20111
18,2,2,6,13,0,0,0,0,1,0,0,0,0,0,0,0,0,0,0,0,1,0,0,135,0,1,27,11,9,7,20,0,5,17,5,4,2,4,4,1.2,1,1,1,1,0,0,22,15,21,25,4.6,5,2,6,0,0,0,1.875,3.6667,1,1.75,2.3333,2.5,2.6667,1.9,2,45,21,17,12,8,4,4,19,8,12,6,11,14,5,5,11,6,7,18,26,17,0.95625,19,18,5,5,18,11,6,12,9,8,14,7,3,1,12,5,5,8,9,-0.39685
18,1,2,1,12,0,0,0,0,0,0,0,0,0,1,0,0,0,0,0,0,1,0,0,210,0,1,9,6,0,3,13,0,0,0,0,0,0,3,0,2.4,1,1,2.2,1,0,0,18,16,16,18,5.8,5.125,1,0,0,0,0,1.875,2.3333,1.3333,3.75,3.3333,3,2,2.2,2.7143,40,23,9,13,6,3,11,23,6,12,5,8,11,5,15,9,4,5,7,13,25,3.1687,14,10,5,5,5,5,8,10,11,7,7,11,2,3,7,2,9,6,6,0.28822
19,1,2,1,13,0,0,1,0,0,0,0,0,0,1,0,0,0,0,0,0,1,0,0,162,0,1,40,13,12,15,8,0,0,15,12,8,20,17,1,3.6,1.6,1,3.2,2,0,0,15,18,13,31,5,5.125,0,1,0,0,0,2.125,2,1,3.5,3.3333,3.25,1.6667,1.4,1.5714,45,17,18,20,6,8,3,28,7,7,9,13,17,6,9,17,5,6,8,34,11,1.3313,25,9,8,5,9,6,10,12,12,8,16,6,0,0,4,5,5,1,6,1.3648
19,1,2,2,13,0,0,0,0,0,0,0,0,0,1,1,0,0,0,0,0,1,0,0,0,0,1,20,14,7,12,28,0,0,36,3,2,2,3,2,1,2,1.5,3.6,1,0,0,21,16,20,25,3.4,3.625,1,1,0,0,0,2.125,1,1.6667,3,3,2.75,1.3333,1.7,2,60,35,15,11,8,7,9,17,14,17,11,14,21,5,5,9,6,5,7,19,21,0.6375,8,6,5,5,11,7,5,11,10,16,11,9,0,0,11,10,3,3,5,2.637
18,1,2,1,12,0,0,0,0,0,0,0,0,0,0,0,0,0,0,0,0,0,0,0,155,0,1,8,1,0,0,0,0,0,0,0,0,0,0,0,3.2,1.8,1.125,2.6,1,1,9,9,16,10,15,5.1,4.375,0,0,0,0,0,1.625,1.3333,1.3333,3.75,4,3.75,3,2.6,3.2857,25,11,7,7,6,3,6,32,5,5,8,8,7,5,4,5,4,9,8,25,11,0.29375,0,5,5,5,5,5,15,10,11,6,15,3,0,0,2,0,0,1,2,-0.59258
19,1,2,1,13,0,0,0,0,0,0,0,0,0,1,0,0,0,0,0,0,0,0,0,170,0,1,15,4,0,2,8,0,0,5,0,0,3,3,3,1.4,1.6,1,2.8,1,0,0,20,16,20,29,4.8,5.5,4,5,1,0,0,2.5,3,1.3333,1.5,1.3333,2.25,2.3333,1.8,2.1429,45,21,20,18,9,3,10,30,7,18,13,12,15,9,6,8,10,6,8,28,19,2.2437,3,16,6,5,14,5,11,9,11,10,12,8,0,0,10,9,2,6,8,0.28822
19,2,2,1,13,1,0,0,0,0,0,0,0,0,1,0,1,0,0,1,0,1,0,0,175,0,1,11,5,4,11,19,0,0,6,11,6,21,6,2,2.8,2.2,2.875,2.4,1.4,0,0,11,6,8,24,3.4,4.375,4,3,0,0,0,2.875,2,1.3333,2.75,2.6667,3,2.3333,2.5,3.1429,66,35,20,12,7,8,6,13,6,12,5,8,15,5,12,13,11,9,12,28,17,2.1625,15,10,6,10,9,10,9,10,10,11,7,7,2,2,8,5,3,8,8,0.19036
16,2,2,1,10,1,0,1,0,0,0,1,0,0,1,0,0,0,0,0,0,1,1,0,250,0,1,13,8,2,3,6,0,1,21,1,3,6,7,5,2,1,1,1,1.2,1,3,25,18,16,22,3.7,4.375,6,8,7,3,2,3,3.3333,2,1.25,2,1.5,2.3333,2.2,2.7143,47,18,14,14,8,10,4,11,11,12,6,16,18,5,7,10,4,5,22,24,23,3.3563,3,15,6,20,17,7,5,12,9,10,13,10,7,2,10,11,3,5,13,0.52985
19,2,2,1,13,1,1,1,1,1,1,0,0,0,0,0,0,0,0,1,0,1,1,1,170,0,1,15,5,4,8,18,0,1,15,8,1,12,12,10,3,2.4,2.375,2.2,1.4,0,0,19,12,17,30,3.9,3.5,5,8,5,3,1,2.375,2.6667,1.3333,2.75,2,2,1.6667,2.6,3.2857,48,22,12,12,9,7,5,14,8,9,6,13,16,7,7,10,6,8,13,30,22,2.7188,23,13,11,13,14,10,10,10,11,11,12,9,0,2,10,7,0,6,8,1.0712
19,2,2,1,13,1,0,0,0,0,0,0,0,1,1,0,1,0,0,1,0,1,0,0,125,0,1,6,0,0,0,0,0,0,0,5,4,1,7,3,2.6,1,1,1,1.2,0,0,12,12,8,12,6,5.25,2,0,1,2,0,1.75,2,1,4,4,4,3,2.9,3.1429,24,11,6,11,6,4,6,38,7,6,15,9,6,5,4,7,8,6,13,38,15,0.4125,7,5,5,5,7,5,14,12,11,5,9,6,0,0,5,1,0,1,0,-0.69045
18,2,2,2,12,1,0,0,1,1,1,0,0,0,0,0,0,0,0,0,1,1,1,0,170,0,1,21,9,4,4,20,1,0,15,3,0,5,5,4,3.6,1.6,1.5,4,1.4,0,0,14,18,14,20,5.1,4.375,3,8,4,4,1,2,3.6667,1.3333,2.5,3.3333,3.25,1.6667,2.9,3.7143,82,44,26,22,17,10,12,18,9,17,10,16,12,5,12,5,5,10,10,30,10,4.725,1,25,16,5,15,6,9,10,13,8,10,7,0,3,11,3,3,5,5,0.77756
18,2,2,1,12,1,0,0,0,0,0,0,0,0,1,0,0,0,0,1,0,1,0,0,147,0,1,21,7,6,5,9,0,0,0,4,8,14,3,3,5,1.8,1,3.8,1,0,0,16,8,14,14,5.4,5.375,2,3,0,3,0,2.5,2,1.3333,2.75,2.6667,2.5,2.6667,2.2,2.7143,39,16,19,10,6,5,4,21,6,12,6,10,11,5,6,16,13,12,14,32,13,0.1625,6,5,5,5,10,5,16,11,11,10,13,4,0,0,10,4,0,2,3,0.77756
18,1,2,1,12,0,0,0,0,0,0,0,0,0,0,0,0,0,0,0,0,1,1,1,145,0,1,23,9,2,9,22,1,1,32,2,2,12,9,5,3,2.8,3.25,3.2,1.4,1,5,24,22,18,27,4.3,4.875,6,4,4,1,0,2.625,2.3333,1.6667,2.5,3,2.5,3,3,3.8571,51,23,19,11,8,11,6,15,6,18,9,9,10,7,5,10,14,14,16,37,23,1.5,0,12,5,6,14,14,9,13,12,7,8,0,0,0,10,8,9,8,11,-0.20111
18,1,2,1,12,0,0,0,0,0,0,0,0,0,0,0,0,0,0,0,0,1,0,0,182,0,1,16,10,4,6,10,0,0,3,0,0,0,0,0,4.2,2.4,1.125,2.8,2.2,0,0,12,13,14,16,4.4,4.75,3,3,2,3,0,2.375,2,1.6667,3,2.6667,3.25,3,2.6,3.2857,55,29,20,10,6,9,3,23,5,13,9,14,17,6,4,7,6,7,8,19,20,0.19375,5,7,5,5,8,7,11,12,12,7,13,5,1,0,7,3,3,4,5,0.48396
18,2,2,1,12,0,0,0,0,0,0,0,0,0,1,0,0,0,0,0,0,1,0,0,155,0,1,44,10,10,7,13,0,0,12,17,8,11,9,1,4.6,3.6,1.75,4,2,1,0,13,14,13,16,5.3,5.25,1,3,0,3,0,2.25,3,1,3,3.3333,3.5,2,2.4,3,53,25,22,18,6,7,11,27,6,13,9,15,21,12,8,15,6,10,7,13,20,1.3062,0,8,6,5,9,5,10,10,10,9,14,11,0,0,12,8,2,6,13,0.77756
18,2,2,3,12,1,0,0,0,1,1,0,0,0,0,0,0,0,0,0,0,0,1,0,148,0,1,21,12,11,12,23,0,8,30,15,6,16,8,6,2.6,3.8,2.25,4.2,1.2,0,0,23,12,18,30,3.1,3.625,0,4,4,3,0,2,3.6667,1,2.75,3,2.5,2,1.1,1.1429,50,26,15,11,8,3,4,14,9,16,8,13,18,14,14,14,11,11,17,22,17,1.175,7,13,7,5,14,8,12,11,10,10,11,6,0,0,9,8,2,6,6,1.0712
18,2,2,1,12,1,0,0,0,0,0,0,0,0,0,1,0,0,0,1,0,0,0,0,185,0,1,25,8,3,4,15,0,0,0,10,5,5,8,0,2.2,2,1,4.6,1,1,2,10,9,12,16,5.1,4.875,2,0,3,0,0,2.75,2,1,2.25,2,2.25,1.6667,1.4,1.5714,46,20,12,11,6,9,4,21,5,5,5,12,13,6,7,7,10,10,7,28,20,2.8312,8,13,5,5,19,7,10,12,12,9,15,4,0,1,11,2,0,1,2,0.67969
18,2,2,1,12,0,0,0,0,1,0,0,0,0,0,0,0,0,0,0,0,0,0,0,135,0,1,26,14,9,10,18,0,0,17,8,2,13,13,2,2,1.6,2.125,1.6,2,0,0,11,17,20,20,4.5,5,2,4,2,0,2,1.875,2.6667,1,2.5,3,3.5,1,1,1,66,32,24,17,9,9,10,22,13,17,11,21,14,7,10,9,11,14,15,31,11,2.5938,0,13,5,5,14,5,12,11,11,12,13,5,1,0,2,7,5,1,7,0.58183
19,2,2,6,13,0,0,0,0,0,0,0,0,0,0,0,0,0,0,0,0,0,0,0,120,0,1,25,10,6,9,25,0,5,28,6,7,18,10,5,3.2,1.4,1.125,2.2,1.2,0,0,10,10,11,13,4.4,5.5,0,5,0,0,0,1.875,3,1,2.75,3,2.5,1.6667,1.4,1.5714,65,37,20,10,11,11,5,21,6,17,13,22,17,13,6,10,9,10,15,33,12,1.125,5,15,6,7,11,6,13,12,12,14,15,5,0,0,5,3,3,2,5,-0.78832
19,1,1,1,12,0,0,0,0,0,0,0,0,0,0,0,0,0,0,0,0,0,0,0,135,0,1,3,3,3,2,18,0,0,7,0,0,11,6,0,2.6,1.6,1,1.6,1,0,0,14,11,11,19,3.5,3.75,3,4,0,0,0,2.5,1.3333,1,3,3.3333,3.25,2.3333,2.1,2.5714,43,22,10,12,7,3,8,25,6,13,8,8,13,5,4,4,7,9,12,25,20,1.5938,0,6,5,7,10,5,13,13,11,7,12,7,0,0,6,6,3,1,4,-0.10324
19,1,2,1,13,0,0,0,0,0,0,0,0,0,0,0,0,0,0,0,0,0,0,0,175,0,1,3,0,0,1,1,0,0,0,0,1,0,0,0,4.6,1,1,1.2,1,0,0,11,11,9,11,5.2,5.375,0,3,0,0,0,1.75,1.3333,1,3.75,4,4,1.6667,1.2,1.2857,23,10,8,9,6,3,3,34,5,5,10,8,7,5,4,4,6,7,7,37,13,0.35625,0,5,6,5,6,5,15,10,11,9,14,0,0,0,1,0,2,4,0,-1.5713
16,1,2,1,10,0,0,0,0,0,0,0,0,0,1,0,0,0,0,0,0,1,1,0,153,0,2,2,1,3,3,3,0,0,0,1,0,0,0,1,1.6,1.2,1,2.2,1,0,0,15,13,8,11,4.2,5,6,3,4,1,0,2.75,2,1.6667,2.25,2.3333,2,1.3333,2.8,3,31,12,10,7,6,7,6,26,7,6,15,9,11,5,4,4,6,8,7,30,13,0.15,0,7,5,5,13,7,15,13,11,8,13,13,0,0,5,2,3,5,5,-1.1519
19,2,2,1,13,1,0,0,0,0,0,1,0,0,0,1,0,0,0,1,0,0,0,0,127,0,1,13,5,2,2,9,0,0,0,6,8,0,1,2,4.4,1.6,1.125,2.8,2,0,0,13,10,9,19,5.5,5.25,1,5,5,5,0,2.375,3,1.6667,3.75,3,3.25,1.3333,1.3,1.4286,41,22,18,12,6,4,4,39,6,13,15,12,11,5,6,14,13,11,8,29,17,1.2125,6,6,5,9,7,5,12,12,11,6,11,3,1,0,10,1,4,4,3,-0.29898
19,2,2,2,14,0,0,0,0,0,0,0,0,0,0,0,0,0,0,0,0,1,0,0,192,0,1,5,1,0,1,2,0,0,5,4,1,2,1,3,2.2,1,1,1,1,0,0,11,9,8,8,4.7,4.125,0,4,3,0,0,2,1.3333,1.3333,3,3.3333,3.75,2.6667,2.4,3,27,12,8,8,6,3,4,34,5,6,5,10,6,5,4,4,4,7,11,36,6,0.05,0,6,6,5,5,5,14,10,13,11,16,7,0,0,0,0,0,0,0,-1.1798
18,1,1,7,12,0,0,0,0,0,0,0,0,0,0,0,0,0,0,0,0,0,0,0,125,0,1,11,5,0,1,2,0,0,0,0,0,0,0,1,2.2,1,1,1.4,1,1,3,13,10,8,10,4,4.625,0,0,1,0,0,2.5,2.3333,1.6667,3,3,3,3.3333,1.8,2.1429,34,14,7,8,6,8,3,17,6,5,6,8,8,5,4,4,3,5,7,21,19,0.85625,0,7,5,5,9,5,14,13,12,10,12,3,0,0,5,7,2,0,0,0.19036
19,2,2,3,12,0,0,0,0,0,0,0,0,0,0,0,0,0,0,0,0,0,1,0,93,0,1,9,3,1,5,9,0,0,6,0,0,3,3,2,4,1.2,1,3.2,1,0,0,19,14,11,22,5.4,4.75,1,0,2,2,0,1.875,3,1,2,3,3,1,2,1.8571,40,14,14,15,6,12,5,25,6,5,7,8,8,5,4,4,3,5,10,36,20,0.825,9,11,9,6,6,8,12,13,10,8,11,9,1,0,5,1,2,0,4,-0.78832
18,1,2,1,12,1,0,0,1,1,1,0,0,0,0,0,0,0,0,0,0,1,0,0,160,0,1,3,2,1,4,5,0,0,1,2,0,5,0,8,3.8,1.4,1,3.8,2.8,0,0,20,14,14,17,3.4,4.625,1,6,3,0,2,2.25,3.3333,1.6667,2,2,2.5,1,1.5,1.7143,40,16,15,10,7,6,3,12,5,5,6,9,8,5,5,7,4,7,7,35,20,0.3375,4,17,7,5,13,12,11,11,12,7,13,13,1,3,1,6,3,2,3,-1.0819
19,2,1,1,13,1,1,1,1,1,0,0,0,0,1,0,0,0,0,1,0,0,1,1,167,0,1,18,13,5,4,24,1,0,14,15,5,15,15,9,3.2,2.2,1.625,2.2,4,0,0,19,20,24,28,4.4,4.5,4,6,5,0,0,2.875,3,1,2.25,3,2.25,1,2.9,3.7143,57,29,18,22,6,5,7,18,12,9,7,10,15,5,18,11,4,12,10,16,6,2.5187,25,20,7,17,10,10,10,13,13,13,13,12,5,4,12,5,6,1,3,1.169
18,2,2,6,11,1,0,1,0,0,0,0,0,1,0,0,0,0,0,0,0,1,1,0,160,0,1,21,5,2,4,23,1,0,4,8,6,15,7,7,2.2,1.8,1.5,2.2,1,0,0,25,10,18,16,6,6,0,3,3,1,0,1.625,1,1,2.5,4,2.75,1,2.2,2.1429,43,20,27,9,6,3,6,29,5,9,5,10,15,5,4,12,8,15,7,18,15,2.0687,11,6,5,11,5,5,9,12,10,9,12,10,0,2,13,2,1,0,0,0.48396
16,2,2,1,10,1,0,0,0,0,0,0,0,0,1,0,0,0,0,1,1,1,0,0,112,0,2,23,11,7,6,22,1,9,26,3,2,12,7,2,1,1,1,1.2,1,0,0,18,15,24,20,2,3.625,3,4,0,0,0,2.25,2,2,2.25,2,2,2,2.4,3,55,27,19,14,8,6,6,15,10,11,10,18,17,5,6,11,7,9,10,14,12,2.6688,10,11,5,8,13,8,9,10,8,14,9,7,0,4,10,4,6,6,8,0.089395
19,1,2,2,12,1,0,0,0,0,0,0,0,1,0,1,0,0,0,1,0,0,1,0,157,0,1,7,1,2,1,4,0,0,2,3,0,3,3,3,3.8,1.8,1,2.4,2,0,0,12,15,7,20,5.1,3.625,2,6,3,2,1,1.875,4,1,2.5,3,2.25,1,2.2,2.1429,33,13,11,15,6,5,10,34,5,10,15,8,8,5,7,7,12,7,9,30,18,0.1625,11,12,12,12,14,7,12,10,11,5,12,2,0,0,4,5,8,1,2,0.28822
17,2,2,2,11,1,0,1,0,0,0,0,0,0,0,0,0,0,0,0,0,1,0,0,312,0,1,12,4,3,6,8,0,0,23,3,2,5,7,2,2,1,1,1.2,1,1,8,17,11,18,19,5.9,5.75,0,4,0,0,1,2,1.6667,1.6667,2.5,2.6667,4,1,2.6,3.2857,51,28,22,24,9,6,14,40,7,8,10,18,19,6,7,8,12,11,11,38,21,2.9375,16,6,6,8,5,5,10,13,12,4,14,5,0,0,8,5,1,7,6,-0.71143
19,2,1,1,13,0,0,0,0,1,0,0,0,0,0,0,0,0,0,0,0,0,0,1,125,0,1,31,14,14,18,22,0,3,16,7,5,12,11,3,2.4,2.4,1.75,3.6,1,1,7,19,13,27,25,4.4,5.25,3,8,4,1,1,2.125,3.6667,1.6667,2,1.6667,2.5,1,2.7,2.8571,63,38,25,10,7,5,5,18,12,21,9,20,24,6,6,10,4,11,15,33,11,1.1875,10,23,5,5,16,9,10,12,10,5,12,5,0,0,13,6,2,3,9,2.4413
19,2,2,1,13,0,0,0,0,0,0,0,0,0,0,0,0,0,0,0,0,0,0,0,180,0,1,9,5,1,2,9,0,0,2,2,3,2,2,0,3,1.6,1,2,1.6,0,0,13,9,9,12,4.5,4.75,0,1,0,1,0,2,2,2,3,3.3333,3,2.3333,1.4,1.5714,28,12,11,10,6,3,6,25,5,9,8,9,9,5,5,6,5,5,7,31,15,3.2313,1,9,5,5,7,6,12,11,11,10,13,7,0,2,2,0,2,1,1,-1.3755
19,2,2,1,12,0,0,0,0,0,0,0,0,0,0,0,0,0,0,0,0,0,0,0,135,0,1,2,2,0,3,3,0,0,1,0,1,1,0,2,2.6,1,1,1.2,1,1,7,14,9,7,16,4.3,5,0,0,3,0,0,2,1.6667,1,3,3.6667,3,2,2.5,3.1429,28,12,14,6,6,3,5,28,5,5,6,8,8,5,4,4,4,5,7,34,17,0.0625,2,5,5,5,5,6,10,11,11,7,16,3,0,0,2,2,1,0,5,-1.6691
19,2,2,1,13,0,0,0,0,0,0,0,0,1,0,0,0,0,0,0,0,1,0,0,160,0,2,6,4,1,3,9,0,0,9,1,1,6,6,1,2.8,1,1,2.6,1.4,0,0,12,9,11,23,4.7,4.75,0,0,0,0,0,2.25,1,1.6667,3.5,3.3333,3.5,2,2.2,2.7143,35,16,8,8,6,6,7,22,5,6,5,10,10,5,4,4,6,10,7,27,9,3.0063,3,5,5,5,9,5,15,11,13,8,14,3,0,1,5,1,1,0,3,-0.29898
17,2,2,1,12,1,0,0,0,0,0,0,0,0,0,0,0,0,0,0,1,0,0,0,0,0,1,25,9,6,10,14,0,1,16,2,1,10,4,2,1.4,1,1,1,1,0,0,17,16,17,25,4.4,3.375,3,5,0,1,0,2.25,2.6667,1.3333,2,2,2.5,1,2.5,3.1429,52,27,15,15,9,5,6,18,7,12,6,16,10,5,8,10,7,8,11,28,21,0.59375,21,16,9,5,15,10,9,14,11,6,12,10,0,2,7,8,3,6,7,0.009312
19,2,1,6,13,1,0,0,1,1,0,1,0,0,1,0,0,0,0,1,0,1,0,0,190,0,1,14,4,5,2,11,0,0,0,15,6,12,11,3,3.2,1.4,1,2.4,2.6,1,1,20,12,14,23,5.7,6,0,8,0,1,0,1.375,3,1,2.75,3.3333,3.5,1,2.5,3.1429,37,14,19,11,6,4,6,27,7,8,9,14,15,9,11,11,9,11,15,31,7,2.8438,5,11,14,5,6,5,8,11,13,6,14,8,1,2,5,0,4,0,5,1.4626
18,2,2,2,13,0,0,0,0,0,0,0,0,0,0,0,0,0,0,0,0,0,0,0,210,0,1,14,9,7,2,11,0,0,9,4,4,11,6,1,2.2,1.2,1,2,1.2,1,16,19,14,14,16,4.7,5,0,2,0,0,0,1.625,3,1.3333,3.5,3.6667,3.5,1.3333,3,3.2857,42,23,15,9,6,6,7,26,6,7,10,11,17,6,6,12,8,7,18,31,8,2.4312,13,7,6,5,5,6,11,11,12,6,12,7,0,0,6,4,1,1,2,0.09249
19,2,2,1,13,1,0,0,1,1,0,0,0,0,1,0,0,0,0,1,0,0,0,0,157,0,1,11,8,1,2,4,0,0,19,8,7,11,7,5,3.4,1.4,1,2.6,1,1,6,18,19,15,23,4.7,4.125,6,9,0,2,1,2.625,4,2.6667,1.75,2,1.75,2,1.4,1.5714,35,17,8,8,9,6,5,21,5,8,7,14,9,7,14,13,3,11,7,28,8,3.1063,3,20,6,11,20,11,10,12,10,13,12,7,0,4,9,3,4,5,5,-0.10324
18,2,1,6,13,1,0,0,1,1,1,1,0,0,1,0,0,0,0,1,0,1,0,0,128,0,2,51,18,16,4,35,0,6,21,17,1,9,19,7,3.8,1.2,1.375,4.4,2.2,0,0,16,25,26,23,4.6,5.25,0,4,1,2,1,1.875,3.6667,1,3.75,4,4,1.3333,1.4,1.5714,72,36,17,25,6,15,7,32,17,11,5,38,14,5,16,16,15,16,29,39,6,2.0438,10,0,0,0,0,0,0,0,0,0,0,0,0,0,0,0,0,0,0,2.2456
18,2,1,1,13,1,0,0,0,1,0,0,0,0,0,1,0,0,0,1,0,1,0,0,0,0,1,19,4,2,3,13,0,0,0,3,2,6,6,6,3.8,1,1,1.4,1,0,0,15,18,23,21,4.6,5.125,2,6,0,0,0,2.375,2.6667,1.3333,2.75,3,2,2,1.4,1.5714,46,23,16,13,6,12,8,35,12,6,10,11,12,5,7,13,11,10,13,33,4,2.4375,9,9,7,5,9,5,13,11,11,10,16,8,0,0,10,0,3,0,2,1.0712
19,2,1,7,13,1,1,0,1,1,1,1,0,0,0,1,0,0,1,0,0,1,1,1,280,0,1,11,10,6,3,7,0,3,1,14,8,6,11,10,4,1.6,1.5,1.8,2,1,6,19,15,10,30,3.5,4.75,6,11,6,3,3,2.875,2.6667,1,1.75,1.3333,2,2.6667,3.9,4.4286,49,21,14,15,6,7,4,14,7,21,8,10,21,5,11,8,9,13,22,30,20,1.25,7,17,15,5,14,15,9,10,11,12,12,8,0,2,7,2,8,7,13,0.87543
18,2,2,3,13,0,0,0,0,0,0,0,0,0,0,1,0,0,0,0,0,0,1,0,120,0,1,9,3,2,2,0,0,0,5,0,0,0,0,1,4,1,1,2.2,2.4,1,3,12,18,13,12,5.5,5.875,0,1,2,0,0,1.125,2.6667,1,2.75,2.6667,3.5,1,1.4,1.5714,23,10,11,7,6,4,9,30,6,5,6,8,7,5,4,4,3,5,7,39,7,0.24375,7,8,5,6,7,5,9,13,10,8,12,9,1,0,6,0,3,3,2,-1.4734
17,2,2,1,12,0,0,0,0,0,0,0,0,0,0,0,0,0,0,0,0,1,0,0,140,0,1,13,13,2,9,25,0,0,7,3,3,13,8,1,4,1.8,1,3.6,1.6,1,4,11,15,12,20,5,5.5,1,4,0,0,0,2.125,1.3333,1.3333,2.25,3,3.25,2.6667,2.7,3.4286,64,32,29,16,7,4,7,15,6,18,8,9,11,6,12,11,10,7,14,34,18,0.675,6,5,5,5,5,5,10,12,13,10,15,3,0,1,7,1,2,1,4,0.89022
18,2,2,2,11,1,0,1,1,1,0,1,0,0,0,0,0,0,0,1,1,1,0,0,120,0,1,2,7,6,2,2,1,0,3,0,1,4,3,10,2,1,1,1,1.2,0,0,13,5,12,11,5,5.375,9,2,2,1,2,2.125,1.6667,1.6667,2.5,4,3,3,2.2,2.1429,30,10,6,10,6,5,3,12,5,5,5,8,14,21,4,4,7,5,15,30,15,4.5812,40,12,11,10,11,13,10,10,11,9,12,11,1,1,11,9,7,12,8,-0.78832
18,1,2,1,13,1,0,0,0,1,1,0,0,0,0,0,0,0,0,1,0,1,0,0,140,0,1,13,3,3,6,5,0,0,4,2,2,6,1,5,1.4,1.6,1,2.6,1.2,0,0,17,11,9,18,4.3,5,1,3,0,3,1,2.625,3,1.6667,2.25,3,2.25,2.6667,1.7,2,33,15,11,8,7,7,6,25,5,5,8,9,7,5,7,4,5,15,8,32,7,0.31875,6,14,5,8,13,7,11,11,10,10,12,6,0,0,5,1,2,1,1,-0.78832
18,2,2,1,12,0,0,0,0,0,0,0,0,0,0,0,0,0,0,0,0,1,0,0,220,0,1,2,2,0,0,0,0,0,14,3,1,0,0,0,1.4,1,1,2,1,0,0,19,12,10,12,4.1,4.375,0,1,0,0,0,1.375,2,1,3.75,3.3333,3.5,1.3333,1.8,2.1429,28,13,7,7,6,5,6,30,5,7,7,8,7,5,4,4,3,5,7,29,13,2.4188,9,0,0,0,0,0,0,0,0,0,0,0,0,0,0,0,0,0,0,-1.8649
18,2,2,1,12,1,0,0,0,0,0,0,0,1,0,0,0,0,0,1,1,0,1,0,90,0,1,12,2,1,5,10,1,0,6,5,0,8,3,2,2,2.4,1.75,1.4,2,0,0,12,13,8,17,4.2,4.75,2,5,0,0,1,2.125,1.3333,1,2.75,3.3333,2.5,2,1.7,1.7143,48,19,17,13,6,11,8,26,6,15,6,13,19,8,5,4,3,9,8,40,16,4.5312,9,0,0,0,0,0,0,0,0,0,0,0,0,0,0,0,0,0,0,-0.59258
18,2,2,1,12,1,1,1,0,0,1,0,0,0,1,1,1,0,0,0,0,1,1,1,140,0,1,10,7,3,13,10,0,0,17,4,4,7,11,10,1.2,1,1,1,1,1,9,26,14,24,20,4.5,3.375,6,9,7,5,1,2.75,3.6667,2,2.75,2,2,2.6667,4.1,4.7143,43,19,14,14,6,5,3,12,18,10,6,15,13,5,8,9,3,5,10,27,18,0.175,5,0,0,0,0,0,0,0,0,0,0,0,0,0,0,0,0,0,0,-0.88618
18,2,2,3,12,0,0,0,0,0,0,0,0,0,0,0,0,0,0,0,0,0,1,0,106,0,1,12,1,2,0,3,0,0,0,11,8,4,2,2,1,1,1,1.2,1,0,0,10,9,10,12,5,5.25,2,4,4,0,0,2.125,2,1.3333,2.5,3,2.5,1.3333,1.7,2,32,12,9,8,6,9,6,25,5,5,6,10,6,5,4,7,4,8,14,27,19,1.9688,5,13,7,5,12,6,11,12,10,9,12,4,0,0,5,1,0,2,4,-0.59258
17,2,2,6,11,0,0,0,0,0,0,0,0,0,0,0,0,0,0,0,0,0,0,0,145,0,1,9,7,2,1,3,0,0,0,4,1,1,2,0,3.4,3.2,1.75,3.2,1,1,7,13,18,19,19,5.7,5,0,0,1,0,0,1.75,1.3333,1.3333,3,3.3333,3.25,2.6667,1.8,2.1429,38,19,13,16,6,3,7,25,7,9,7,10,18,12,6,5,7,12,26,31,15,1.0437,10,0,0,0,0,0,0,0,0,0,0,0,0,0,0,0,0,0,0,-1.1519
18,2,2,1,12,1,0,0,0,0,1,0,0,1,1,0,0,0,0,1,0,1,0,0,145,0,1,11,6,0,2,7,0,0,0,7,4,1,1,5,2,1,1,1,2.4,0,0,14,11,8,33,5.1,5.25,3,6,2,0,1,2.25,2.3333,1,2.5,3.3333,3.25,1,2.9,3.7143,36,17,23,7,7,4,5,26,5,7,6,8,13,5,12,15,10,18,7,28,15,1.4187,15,0,0,0,0,0,0,3,3,0,0,0,0,0,0,0,0,0,0,1.3648
18,1,2,1,12,1,0,0,0,0,0,0,0,1,1,0,1,1,0,1,1,1,0,0,170,0,1,11,5,2,7,4,0,0,5,1,1,7,2,2,2.8,1,1,1.4,1.6,0,0,21,14,10,20,4.3,5.125,3,3,0,1,0,2.25,1,2,3.75,4,3.5,3.3333,1.7,2,38,19,14,10,6,7,6,30,5,9,13,13,10,6,7,9,5,8,8,32,9,0.65625,7,7,5,15,5,5,12,12,11,6,16,6,0,3,6,1,3,2,1,-0.20111
18,2,2,1,12,0,1,0,1,1,0,0,0,1,0,1,0,0,0,0,0,1,0,0,145,0,1,2,1,0,0,1,0,0,0,4,5,1,6,6,1.4,1,1,1,1,0,0,10,13,15,14,5.4,5.875,4,8,4,3,2,2.25,2.6667,1.6667,3,3.3333,3.25,2.6667,2.2,2.7143,24,11,7,7,6,3,5,35,5,7,8,8,10,5,4,4,7,7,7,28,5,0,1,14,7,5,10,10,14,11,11,6,14,5,0,0,0,0,2,3,0,-0.39685
18,2,2,1,12,0,0,0,0,0,0,0,0,0,1,0,0,0,0,0,0,0,0,0,127,0,1,8,6,2,5,8,0,4,7,5,3,4,2,4,3,1,1.25,1.2,2,0,0,19,14,11,21,3.3,5,6,5,0,0,0,2.125,4,1.3333,3.25,2.6667,2.75,1.3333,3.2,4.1429,46,21,14,12,6,8,5,20,5,14,10,11,14,5,6,6,5,6,9,30,16,0.225,9,10,5,5,12,5,13,11,11,8,10,4,0,1,7,3,1,3,6,-0.0053773
18,1,1,2,12,1,1,0,0,1,0,0,0,1,1,1,0,0,0,1,0,0,1,0,244,0,1,40,11,13,19,38,0,18,37,15,7,22,13,4,2.8,1.6,2,1.2,3.8,0,0,34,14,18,36,3.6,4.5,7,11,5,4,2,3,3,2,2,2,1.5,2,2,2.4286,81,43,24,17,26,9,6,14,13,13,6,30,26,8,19,16,11,14,24,23,21,3.5125,9,15,10,15,25,13,9,13,10,9,7,17,4,5,8,12,9,10,11,1.8541
19,1,1,7,13,1,0,0,1,1,0,0,0,0,0,0,0,0,0,0,0,0,0,0,169,0,1,15,7,4,2,10,0,1,16,3,1,8,3,5,1.8,1,1,1.8,1,0,0,31,15,28,26,4.8,4.5,1,5,1,0,1,2.875,2.6667,1.3333,1.5,3,2.25,1.3333,1.8,2.1429,45,19,15,11,8,11,12,31,12,6,11,13,8,5,8,6,9,9,16,30,9,0.95,2,14,14,5,16,6,10,12,12,7,11,15,7,5,10,2,5,3,7,0.87543
17,1,2,3,11,1,1,0,1,1,0,0,0,1,0,0,0,0,0,0,1,0,0,0,240,0,1,52,18,18,20,41,1,16,29,3,2,18,21,6,1.4,2.6,3,3.2,1,0,0,22,12,14,31,2.9,4,7,10,6,2,1,3.25,3,1,1,1,1.5,1,0.9,1.1429,81,46,23,24,18,7,14,19,23,23,25,29,29,7,8,16,12,6,34,22,24,3.7437,8,20,10,5,20,9,4,10,11,4,4,10,3,5,14,3,7,11,13,2.0514
18,2,2,1,12,1,1,0,1,1,0,0,0,1,0,0,0,0,1,1,0,0,1,0,135,0,1,14,6,4,3,10,0,8,7,8,8,10,5,8,2.6,1.2,1,2.6,1.2,0,0,23,14,15,26,5.2,6,1,10,2,1,1,4,4,1.3333,1,1.3333,1.5,2.3333,2.6,3.2857,58,27,26,8,12,5,7,26,5,13,11,11,8,5,19,13,8,7,7,28,7,0.4,6,19,9,8,17,9,8,13,13,6,9,10,1,2,10,2,2,0,9,-0.0053773
17,2,2,6,12,0,0,0,0,1,0,0,0,1,0,0,0,0,0,0,0,0,0,0,135,0,1,9,6,5,1,3,0,0,4,5,5,7,0,2,2,1,1,1,1,0,0,11,15,10,14,4.8,4.875,0,2,1,3,0,1.625,2.3333,1.6667,2.25,2.3333,2,2.3333,2.1,2.5714,40,19,11,8,6,9,5,22,5,8,6,13,19,5,5,7,5,7,7,19,20,1.2687,7,12,5,6,12,6,11,10,11,10,12,4,0,0,9,4,4,1,4,-0.27098
19,2,2,3,14,1,0,0,0,0,0,0,0,0,0,1,0,0,0,1,0,0,0,0,180,0,2,3,18,8,18,19,1,0,2,20,4,25,18,4,3,1.2,1,1.2,1.2,0,0,14,20,22,23,4.3,4.875,1,5,0,3,0,1.25,2.3333,1,3.5,4,3.25,1.6667,1.5,2,71,42,20,21,7,11,7,32,8,9,8,20,21,6,13,5,5,13,7,30,12,1.9812,26,10,7,7,10,5,10,14,10,6,14,6,0,1,6,1,2,0,6,0.58183
17,2,2,6,11,1,0,0,0,0,1,0,0,1,1,1,0,0,0,1,1,0,1,0,205,0,1,18,18,9,4,23,1,0,6,8,2,6,1,6,1.4,1,1,1,1,1,5,20,23,25,19,5.2,5.375,2,8,1,4,1,1.5,4,1,2.75,3.3333,3,1.6667,0.7,0.85714,64,30,21,19,10,13,9,32,9,14,10,14,30,6,12,10,11,15,22,33,15,2.7313,8,14,5,9,8,6,8,13,11,11,13,5,1,3,12,3,3,3,12,0.89022
18,1,2,3,12,1,0,0,1,1,1,1,0,0,0,0,0,0,0,0,0,1,0,0,162,0,1,11,3,6,3,7,0,14,8,6,5,8,4,1,4.4,1,1,1,1.8,0,0,17,9,12,32,3.3,4.75,4,8,3,1,0,2,2.3333,1,2.25,2.6667,2.5,1,1.1,1.1429,47,23,24,8,10,7,4,26,6,11,9,16,22,8,8,6,4,12,10,36,23,0.88125,10,6,15,5,13,7,12,13,10,6,9,9,0,2,5,1,7,3,4,-0.29898
19,2,2,1,13,0,0,0,0,1,0,0,0,0,0,0,0,0,0,0,0,0,0,0,0,0,1,14,8,4,1,2,0,0,0,2,3,2,3,5,2.8,1.2,1,2.2,1.8,0,0,17,14,17,24,4.9,5.25,2,6,2,1,0,2.375,3.6667,1.3333,3,2.6667,2.75,2.6667,2.6,3.2857,39,19,10,8,7,8,8,32,9,14,14,11,13,5,7,8,5,12,11,36,13,0.9875,0,15,7,5,13,6,10,12,13,9,15,17,0,2,9,0,2,1,2,-0.69045
18,2,2,1,12,1,0,0,0,0,0,0,0,0,0,0,0,0,0,1,0,0,0,0,145,0,1,8,3,4,1,0,0,0,0,0,0,0,0,1,1.6,1.2,1,1.2,1,0,0,9,6,8,9,5.3,5.75,0,0,0,0,1,2.5,1.6667,1,2.75,2.3333,3,1.3333,0.5,0.57143,29,10,6,6,6,6,3,13,5,5,6,8,6,5,4,4,3,5,7,37,26,1.1437,14,7,5,5,5,5,8,13,12,8,14,1,0,0,2,3,1,0,1,-0.98405
17,2,2,6,12,0,1,0,0,1,0,0,0,0,0,0,0,0,0,0,0,1,1,1,193,0,1,2,3,0,1,1,0,0,0,1,3,3,0,7,2.8,1,1,2,1,0,0,15,12,16,16,4.5,5,9,10,5,5,3,4,4,2.3333,1,1,1,4,2.1,2.4286,33,11,9,10,6,7,4,22,8,10,8,8,6,5,5,7,8,12,7,41,20,0.44375,8,0,0,0,0,0,0,3,3,0,0,0,0,0,0,0,0,0,0,-0.79152
17,1,2,3,11,0,0,0,0,0,0,0,0,0,0,0,0,0,0,0,0,0,0,0,153,0,1,4,6,0,2,8,0,0,3,6,4,5,1,0,2.8,1,1,2,1,0,0,14,12,10,12,4.8,5.5,3,2,0,1,0,2.25,2,1,3.25,3.3333,4,1,2.4,3,29,13,7,8,6,3,9,26,5,15,16,8,10,5,4,13,9,7,7,35,21,1.6625,2,8,5,5,10,6,8,12,8,9,8,10,0,2,13,2,8,9,13,0.2896
19,2,2,1,13,1,0,0,1,0,0,0,0,0,1,0,0,0,0,1,0,0,0,0,145,0,1,25,9,8,3,7,0,1,15,7,4,10,6,6,1,1.2,1.125,1.6,1,1,2,14,15,12,21,4.8,4.75,6,5,0,0,1,1.875,3.3333,2.3333,1.5,2.3333,2,1.3333,2.9,3.7143,50,27,23,14,6,4,5,23,6,13,8,14,14,7,7,15,9,17,11,33,16,0.34375,17,13,9,5,17,8,11,11,13,8,12,3,0,0,5,6,9,1,12,0.58183
16,2,1,7,10,0,0,0,0,0,0,0,0,0,0,0,0,0,0,0,0,0,0,0,175,0,1,34,7,7,1,5,0,0,0,1,3,3,3,0,1.6,1,1,1,1,0,0,10,9,11,17,4.5,5.125,1,2,0,0,0,2.125,2,1,3,3,2.5,1.3333,1.7,2,41,21,13,11,6,6,5,28,6,7,8,13,16,14,7,13,7,20,19,35,18,0.825,2,0,0,0,0,0,0,0,0,0,0,0,0,0,0,0,0,0,0,1.0904
17,2,2,1,11,0,0,0,0,0,0,0,0,0,0,1,0,0,0,0,0,1,0,0,120,0,1,13,14,3,5,14,0,0,0,2,6,3,1,1,1,1,1,1,1,0,0,13,7,9,18,5.6,6,0,0,1,0,0,1.75,2.3333,1,3,3.3333,3.25,1.6667,1,1,50,24,17,11,6,7,7,29,5,21,5,8,10,5,8,16,7,11,20,32,7,1.6687,8,5,5,5,7,5,13,12,8,5,15,3,0,0,5,0,2,2,3,0.32964
16,2,2,1,10,0,0,0,0,0,0,0,0,0,0,0,0,0,0,0,0,1,0,0,135,0,1,19,8,6,7,11,0,0,4,3,2,5,9,0,1,1,1,1,1,0,0,11,13,11,19,5.1,4.375,0,3,0,0,0,2.125,1.6667,1,3.75,2.6667,3.5,2,1.9,2.2857,45,25,9,16,7,7,10,27,8,11,12,15,18,7,6,6,10,13,7,29,11,0.59375,9,0,0,0,0,0,9,11,11,8,12,5,0,0,2,1,0,1,8,-0.3911
19,1,2,1,12,1,1,0,1,1,0,0,0,0,0,0,0,0,0,1,0,0,1,0,195,0,1,1,3,0,2,8,0,0,7,7,5,4,6,11,2,1.2,1,2.8,1.2,1,8,18,13,8,17,3.7,4.625,7,11,6,3,3,3.25,2.3333,1,1.5,1.3333,1.75,3,2.1,2.5714,37,17,14,10,6,5,4,17,6,9,9,8,10,5,7,13,4,9,12,28,19,0.4125,9,17,16,7,17,14,13,13,11,9,14,5,0,0,0,0,0,0,1,-0.69045
19,1,2,1,12,0,0,0,0,0,0,0,0,0,0,0,0,0,0,0,0,0,0,0,130,0,1,5,3,0,1,3,0,0,7,0,0,0,2,0,2.8,2.2,1,3,1,1,2,11,15,9,20,3.7,5.125,0,6,0,0,0,1.875,2,1.3333,3,3,3,1.3333,1.5,1.7143,35,16,11,8,6,7,5,23,5,7,7,8,9,5,4,7,4,5,7,31,15,0.0625,0,5,5,5,10,9,12,10,12,8,14,7,0,0,7,6,1,3,6,-1.0819
18,1,2,3,12,1,1,1,1,1,0,0,0,0,0,0,0,0,0,1,1,0,0,0,151,0,1,12,8,1,11,24,1,14,27,4,5,18,3,7,1.4,1,1,1,1.8,0,0,10,13,9,19,2.1,3,4,5,0,1,2,2.25,2.6667,1.6667,2,1.6667,2,1.3333,0.6,0.57143,62,32,13,16,9,11,4,9,5,7,5,9,10,5,6,14,7,7,7,31,20,2.4125,27,19,12,5,16,12,12,9,12,14,15,2,0,1,2,9,0,0,2,-0.0053773
17,2,2,1,11,1,0,0,1,1,1,0,0,0,0,0,0,0,0,0,1,0,0,0,131,0,2,31,5,2,4,9,0,0,8,8,3,9,8,7,1.4,1,1,1,1,0,0,20,14,22,29,4.3,3.875,4,6,4,0,2,1.625,3,1.3333,2.25,2.6667,2.5,1,3,3.8571,44,16,15,13,6,7,5,21,7,13,5,10,7,5,7,8,12,8,7,32,16,0.05,12,21,8,5,14,7,13,13,10,8,16,6,0,0,6,7,2,2,6,-0.51123
18,1,2,6,11,0,0,0,0,0,0,0,0,0,0,0,0,0,0,0,1,0,0,0,198.2,0,1,20,9,8,18,24,0,12,17,8,5,3,1,1,1.2,1,1,1,1,0,0,25,13,16,27,4.1,5.125,2,4,0,3,0,2.125,3,1,2.75,2.3333,2.75,1,1.5,1.7143,48,25,17,8,7,3,6,14,9,8,6,9,22,6,5,9,6,9,7,31,21,2.0125,8,8,5,5,10,6,11,12,11,7,12,3,0,5,4,6,3,3,7,-0.20111
18,1,2,6,12,0,0,0,0,0,0,0,0,0,1,0,0,0,0,0,0,1,0,0,165,0,1,18,9,6,6,15,1,0,0,6,3,5,8,0,1,1,1,1,1,0,0,22,15,17,12,4.7,4.625,0,2,1,0,0,1.75,2.6667,1.3333,3,2.6667,2.75,1.3333,1,1,43,21,11,13,6,6,4,21,8,9,8,14,7,5,6,8,3,5,7,28,19,0.4,0,7,5,5,11,6,10,10,11,6,9,10,3,3,8,4,3,10,5,-0.39685
19,2,2,2,12,0,0,0,0,0,0,0,0,0,0,0,0,0,0,0,0,1,1,0,130,0,1,15,9,5,4,13,0,0,14,3,4,15,9,1,1.6,1,1,1,1,0,0,19,16,13,20,4.2,3.75,1,3,3,0,1,1.375,3.3333,1,4,4,3.25,1.6667,2,2.4286,46,25,17,11,6,5,7,26,6,15,9,9,10,5,5,13,10,11,15,34,10,0.86875,0,10,7,5,11,6,8,12,11,6,12,7,1,0,6,3,2,5,5,0.19036
19,2,2,2,13,1,0,0,0,0,0,0,0,0,0,0,0,0,0,1,0,0,0,0,104,0,1,20,6,4,4,3,0,0,7,5,1,1,1,2,1,1,1,1,1.8,1,3,18,13,16,24,4.1,5.125,2,0,0,0,0,2.125,2.6667,1,3,2.3333,2.75,1.3333,1.6,1.8571,43,23,13,8,8,7,5,26,7,11,8,10,12,5,6,8,6,7,11,31,13,0.3625,3,0,0,0,0,0,0,0,0,0,0,0,0,0,0,0,0,0,0,-0.20111
17,2,2,3,11,1,0,0,1,1,0,0,0,1,1,0,0,0,0,1,0,0,0,0,138,0,1,11,7,4,0,7,0,0,1,2,4,3,0,2,4.4,2.4,1,3.4,1,0,0,13,13,16,15,5.5,5,1,7,3,0,0,2.375,2.3333,1,4,4,3.5,1.6667,0.5,0.57143,27,13,12,8,6,4,7,27,6,5,12,9,6,5,4,19,4,7,7,35,16,0.80625,14,12,7,5,9,8,9,11,13,5,8,8,1,1,4,0,4,6,4,-1.1919
18,1,2,1,13,1,1,0,1,1,1,0,0,0,0,0,0,0,0,0,0,0,1,1,140,0,1,17,2,4,14,10,1,15,12,4,2,14,7,7,2.6,1,1,1,1.4,1,7,17,11,10,20,4,2.75,3,6,5,2,2,3,3.6667,1,1,1,1.5,1,2.6,2.8571,56,22,17,24,10,8,4,10,8,11,5,12,17,5,8,11,6,6,28,13,21,0.79375,4,18,11,5,22,13,10,11,11,6,12,0,0,4,7,8,3,2,4,-1.0819
18,2,2,6,12,0,0,0,0,0,0,0,0,0,0,0,0,0,0,0,0,0,0,0,150,0,1,5,8,9,12,31,1,9,28,9,8,26,8,4,1,1.2,1.625,1,1,1,0,15,9,11,22,3.4,3.5,7,3,1,2,0,3,3.3333,2,1,1,1,2,1.4,1.5714,60,36,13,7,10,5,3,14,5,10,10,12,21,6,9,20,9,13,7,18,23,0.28125,4,0,0,0,0,0,0,0,0,0,0,0,0,0,0,0,0,0,0,1.8541
18,2,2,1,12,1,0,0,1,1,1,0,0,0,0,0,0,0,0,0,0,1,1,0,150,0,1,21,5,2,6,17,0,1,16,9,5,12,9,10,2.2,1.4,1.625,3.2,2,1,5,17,15,21,31,4.5,4.5,8,8,5,4,0,3.75,4,2,1.25,1,1.5,2.6667,3.3,4.2857,47,23,18,10,7,7,6,20,11,8,9,13,15,6,12,12,7,13,13,35,17,0.925,34,25,15,5,15,12,11,11,11,8,12,14,0,2,6,2,1,1,4,0.38609
19,1,2,1,12,0,1,0,0,1,0,0,0,0,0,0,0,0,0,0,0,0,1,0,180,0,1,8,3,0,1,3,0,0,2,1,3,5,5,5,2.8,1.6,1,2.4,1.2,0,0,19,13,9,11,3.4,4.75,6,10,4,3,2,2.375,2.6667,1.3333,1.75,2.3333,2.75,2,3,3.8571,29,12,16,8,6,3,4,22,5,8,8,8,6,5,4,4,5,6,9,21,15,0.175,6,11,9,5,18,13,10,11,12,8,10,7,0,1,3,3,0,7,4,-1.5713
19,1,2,1,12,0,0,0,0,0,0,0,0,0,0,0,0,0,0,0,0,0,0,0,160,0,1,7,7,5,6,4,0,0,6,0,0,5,3,2,3.2,1.8,1.375,3.6,1,1,3,15,18,10,16,3.7,4.125,0,2,0,0,0,2,1,1,3.75,4,3,1.6667,2.4,2.4286,48,28,10,8,8,6,3,23,7,14,10,10,12,5,4,4,12,15,21,19,16,0.5875,0,5,5,5,5,5,11,12,13,9,15,3,1,0,9,5,1,3,5,-0.49471
19,2,2,1,12,0,0,0,0,0,0,0,0,0,0,0,0,0,0,0,0,0,0,0,170,0,1,9,3,1,7,13,0,0,0,3,2,4,1,3,2.2,1,1,1.2,1,0,0,16,14,14,17,5.4,5.875,3,8,1,0,0,2,4,1,2,2,2,1.3333,1.9,2.2857,41,20,12,12,6,6,9,21,6,8,9,8,9,5,8,10,6,9,7,30,17,4.6937,0,15,7,5,11,5,10,11,10,11,13,6,0,0,11,1,0,1,5,-1.0819
19,2,2,1,12,1,0,0,0,1,1,0,0,1,1,0,0,0,0,1,0,0,0,0,118,0,1,6,2,0,2,20,0,0,10,4,4,11,2,5,2,1,1,1,1,1,2,17,12,11,27,3.3,3.375,3,9,3,0,1,2.75,4,1,2.25,2,2.25,1.6667,2.7,3.4286,45,18,12,17,7,6,9,13,6,5,5,8,8,5,6,9,5,5,7,17,18,3.6375,0,10,5,5,13,7,12,12,10,9,15,5,2,0,6,5,1,1,3,-1.1798
18,2,2,1,11,1,0,0,0,1,1,0,0,0,1,1,0,0,0,0,0,0,0,0,115,0,1,15,8,3,4,13,0,0,7,8,8,8,6,3,2.2,1.2,1,1.2,1.2,1,5,18,14,23,23,4.9,4.5,0,5,0,0,0,1.625,3,1,2.5,3,3,1.6667,2.7,3.4286,43,22,8,11,6,10,4,27,9,13,11,10,16,5,6,12,10,19,11,32,11,1.6875,14,11,5,5,7,5,8,9,9,9,13,4,0,0,5,0,2,1,4,0.09249
19,2,2,1,12,1,0,0,0,1,0,0,0,1,0,0,0,1,0,1,0,0,0,0,95,0,1,33,14,8,9,21,0,1,19,9,1,8,10,2,1.2,1,1,1,1.4,0,0,13,16,21,27,3.9,4.25,2,6,0,0,0,1.5,3.6667,1,3,2.6667,2.75,1,1.5,1.7143,67,34,19,15,10,8,6,14,8,11,7,13,17,6,9,9,5,7,10,20,19,0.90625,11,19,5,17,13,5,12,14,12,10,14,2,0,4,8,5,2,0,4,1.0712
18,2,2,1,13,1,0,0,0,0,0,0,0,0,0,0,0,0,0,1,0,0,0,0,170,0,1,21,7,10,6,11,0,0,6,12,4,8,8,2,3,3.8,3.625,3.4,1.8,0,0,12,7,12,15,5.2,5.25,1,6,0,0,0,2.75,2,1.3333,2.5,2.6667,2.5,1,1.9,2.1429,61,33,21,17,8,7,4,22,5,21,10,16,12,6,11,8,5,11,8,31,22,0.875,17,10,6,5,10,7,16,12,10,5,15,2,0,3,4,3,3,4,5,-0.0053773
17,2,2,1,11,0,0,0,0,1,0,1,0,0,1,0,0,0,0,0,0,0,0,0,102,0,2,6,4,0,1,8,0,0,7,1,1,4,3,4,2.4,1,1,2.2,1,0,0,28,16,19,19,3.5,3.875,6,4,0,0,0,2.5,2.3333,1.6667,2.5,2.3333,2.75,1.3333,1.6,1.8571,32,16,13,8,6,4,6,26,6,12,11,8,6,6,4,8,9,10,7,30,21,0.03125,3,11,9,5,12,10,9,12,12,9,11,4,0,0,5,0,0,3,6,-1.272
16,2,2,2,10,1,1,0,0,1,0,0,0,1,0,0,0,0,0,1,1,0,1,0,188,0,1,24,17,16,9,34,1,7,27,13,8,19,19,5,3.6,3.6,4,3,1.4,1,12,30,14,18,30,5.3,5.25,7,7,3,2,2,2.875,3.6667,1.3333,1.5,1.3333,1.75,3,3.5,4,59,30,26,13,9,13,4,19,16,13,10,13,21,10,10,13,10,12,20,32,17,5.5,34,23,15,16,17,11,5,13,13,10,10,14,2,3,12,4,4,6,10,1.1305
19,2,2,1,14,1,0,0,0,0,0,0,0,0,0,0,0,0,0,1,0,0,0,0,145,0,1,16,13,2,6,15,0,0,0,1,3,7,4,5,3.4,1.8,1.5,2.2,1.4,1,1,22,20,28,27,5.2,5.375,0,6,4,0,0,2.125,2.6667,2,3,3.3333,2.25,3.6667,3.4,4.4286,45,20,18,11,6,6,5,21,8,12,7,8,13,5,5,9,6,14,14,36,14,0,0,12,5,10,6,6,8,13,11,8,10,6,4,0,13,2,8,5,7,1.2669
19,1,2,3,13,0,0,0,0,0,0,0,0,0,0,0,0,0,0,0,0,0,0,0,145,0,2,5,2,1,1,2,0,0,0,0,1,0,1,0,2.6,1.6,1,2.2,1.8,0,0,12,12,10,18,4.9,3.75,0,3,1,0,0,1.5,1.3333,1,2.75,3.3333,3,1,1.3,1.4286,31,15,9,9,6,6,4,31,5,5,6,8,11,5,5,4,9,6,10,29,18,0.29375,10,6,5,5,7,6,15,11,13,8,13,3,0,0,3,2,1,2,3,-0.78832
19,2,2,1,14,1,0,1,1,1,0,0,0,0,0,1,1,0,0,0,1,0,1,0,145,0,1,15,6,5,3,9,0,0,2,5,4,6,6,2,3.4,1.4,1,2.2,1,1,1,14,11,15,14,4.7,4.5,1,6,2,3,1,2.625,2.3333,1,2.5,2.6667,2.5,1,2.5,3.1429,44,19,14,13,7,8,4,18,7,14,9,10,11,6,7,9,9,11,7,30,7,1.075,3,11,8,8,14,7,12,12,11,14,15,10,1,0,6,2,3,0,2,0.48396
19,1,2,1,14,0,0,0,0,0,0,0,0,1,0,0,0,0,0,0,0,1,0,0,187,0,1,5,3,1,1,1,0,0,0,1,0,0,1,0,3.6,2,1,2.6,1,1,5,14,11,8,8,4.7,4.125,0,0,3,1,0,1.625,1.6667,1,4,3.6667,3.5,2.3333,2.8,3.5714,28,12,12,6,7,5,7,32,6,9,8,9,7,5,5,4,13,7,11,39,13,0.35,0,6,5,5,7,5,15,9,13,6,16,5,1,2,1,3,1,2,4,-0.69045
17,1,2,1,11,0,0,0,0,0,0,0,0,0,0,0,0,0,0,0,0,1,0,0,125,0,1,3,3,0,1,1,0,0,0,1,0,1,1,0,3,1,1,1.8,1,0,0,13,7,11,9,4.3,4.125,0,5,0,0,0,1.75,2,1.3333,2.5,2.3333,2.75,1.3333,1.1,1.1429,31,13,12,6,6,3,4,15,6,6,5,9,8,5,4,4,3,5,7,32,19,0,2,5,6,5,7,5,10,12,11,8,9,5,1,0,3,0,1,6,0,-1.5923
18,2,1,1,13,1,1,0,1,1,1,0,0,1,1,0,1,0,1,1,0,0,1,0,135,0,1,10,1,0,1,5,0,0,4,6,0,4,5,10,1.8,1.8,1,1.8,1.4,0,0,28,14,20,17,4.8,3.625,3,8,4,4,1,1.625,1,1,2.25,3.3333,3.25,1,2.1,2,32,11,10,18,6,3,9,33,5,6,5,9,10,5,5,6,3,5,8,24,14,3.9625,12,6,8,5,12,6,9,11,11,7,13,9,1,0,11,7,1,7,9,0.19036
18,2,2,1,12,1,0,0,0,0,1,0,0,0,1,0,0,0,0,1,1,1,1,0,155,0,1,26,3,8,4,6,0,1,14,6,6,7,7,4,2.4,2.6,1.75,3,1.2,1,2,24,8,12,26,4.8,5.125,1,6,5,5,2,2.125,2.6667,1.6667,3.25,3.6667,3.5,2.6667,2.3,2.7143,49,28,22,11,7,6,8,27,7,18,16,20,20,11,7,12,14,9,9,32,15,2.3,6,12,5,8,10,8,12,11,12,11,11,5,1,3,11,4,4,3,8,0.19036
18,2,2,6,12,1,0,1,1,1,1,1,0,1,1,0,0,0,0,0,1,1,0,0,156,0,1,11,6,1,3,8,0,0,0,2,2,6,4,12,2.2,1.2,1.125,2,1.8,1,3,29,18,20,30,5.1,5.5,3,8,5,3,1,3.25,4,2.6667,2,2.3333,2.5,3.3333,3.4,3.5714,41,17,17,12,9,5,9,25,7,14,12,8,8,5,6,5,8,9,12,33,11,2.3438,6,17,13,22,13,11,8,11,11,5,14,19,5,3,4,2,4,1,2,0.67969
18,2,2,1,12,1,0,0,1,1,0,0,0,1,1,1,0,0,0,1,0,0,0,1,142,0,1,23,11,4,2,21,0,0,23,14,8,16,12,8,1.4,1.4,1.875,1.4,2.6,0,0,11,10,10,18,5.8,5.375,2,7,7,3,2,1.125,4,2.6667,2.25,2,2.5,1.3333,2.4,2.8571,62,27,20,20,6,12,5,18,8,12,9,13,11,6,11,15,10,11,7,42,17,3.6375,24,24,8,22,19,5,16,13,13,4,13,1,0,3,5,1,4,3,3,0.9733
18,2,1,1,12,1,1,1,1,0,1,1,0,1,0,0,0,0,0,1,0,0,1,0,120,0,2,20,4,1,1,3,0,0,1,6,2,4,1,10,4,2.4,1,3.2,1,0,0,9,13,13,9,4.5,4.75,7,5,2,1,1,3.375,1.6667,1.3333,2.5,3.6667,3,1.3333,1.9,2.2857,29,13,8,8,6,7,7,36,5,8,9,10,6,5,7,8,6,6,10,35,10,0.275,12,13,7,16,14,12,7,12,9,4,11,5,0,0,4,4,1,5,2,-1.3755
